user,qid,images,pid,context,percent,comment,outer_link,code_id,news,biggest,repeat,typing,like,share,detect_time,row_index,visible time,discuss,discuss_reason,picture_number,color
U3,1,1660012491000-2022-08-09-10-34-51-371-Facebook.jpg,0,會,0.245,0,0,1,0,0,0,0,0,0,2022/8/9 10:34,0,0,0, ,1,"rgba(2,22,105,0.3)"
U3,1,1660012491000-2022-08-09-10-34-51-371-Facebook.jpg,1,"【貼陽粉调查】政资金最新公布八大院校畢業生數據,全港八大業生的平均年藍最新歸28.3萬元,且八大畢業生研耐按年錄全缘,查看更多alwindirestank薪酬趨勢調查:八大畢業生平均年薪28.1萬院|校、科系翻全名:八大畢業生平均年薪28.1醫博科跟文科人工相差1倍各院校、科系薪金排名一覧|香港財經時報券8月3日16:00●黃金",0.495,0,0,2,1,1,0,0,0,0,2022/8/9 10:34,1,0,0, ,1,"rgba(2,22,105,1)"
U3,1,1660012492000-2022-08-09-10-34-52-371-Facebook.jpg,0,"生數據,全港八大畢業生的平均年薪最新督28.1萬元,且八大畢業生研按年指全線,查看更多:薪酬雄第調查|八大畢業生平均年薪28.1開校、科系酬金預名沙八大畢業生平均年薪28.1萬,醫護科跟文科人工相差1倍各院校、科系薪金排名一覽發薪酬調查Ot的家",0.516978022,0,0,2,1,1,0,0,0,0,2022/8/9 10:34,2,0,0, ,2,"rgba(2,22,105,1)"
U3,1,1660012492000-2022-08-09-10-34-52-371-Facebook.jpg,1,探索更多可能接的制作者和公眾人物,0.223021978,0,0,3,0,0,0,0,0,0,2022/8/9 10:34,3,0,0, ,2,"rgba(5,61,180,1)"
U3,1,1660012493000-2022-08-09-10-34-53-371-Facebook.jpg,0,作DEES>,0.478516484,0,0,3,0,1,0,0,0,0,2022/8/9 10:34,4,0,0, ,3,"rgba(5,61,180,1)"
U3,1,1660012493000-2022-08-09-10-34-53-371-Facebook.jpg,1,"不管唐主人的機動外電運站GlobalNewsForTaiwan30AJeantern:2天17:21陳家福寧街十號機超瑞格文斌酸:-查看更多地址,都是英國首相府",0.261483516,0,0,4,1,0,0,0,0,0,2022/8/9 10:34,5,0,0, ,3,"rgba(5,61,180,0.3)"
U3,1,1660012495000-2022-08-09-10-34-55-371-Facebook.jpg,0,過度查看更多︰,0.146098901,0,0,3,0,0,0,0,0,0,2022/8/9 10:34,6,0,0, ,4,"rgba(5,61,180,1)"
U3,1,1660012495000-2022-08-09-10-34-55-371-Facebook.jpg,1,"不管主人的唐寧街十號换酸地址瑞發文綱查秘:利蘿蔔外電網站GlobalNewsForTaiwan加入JammerLee5天11:314看更多,都是英國首相府",0.266483516,0,0,3,0,0,0,0,0,0,2022/8/9 10:34,7,0,0, ,4,"rgba(5,61,180,1)"
U3,1,1660012495000-2022-08-09-10-34-55-371-Facebook.jpg,2,蘇塔推文Todayis#InternationalCatDay:expectallcatstostrutaroundlikeweowntheplace.Expectthesametomorrowtoo.LarrytheCat@NumbertDcat,0.327417582,0,0,4,1,1,0,0,0,0,2022/8/9 10:34,8,0,0, ,4,"rgba(5,61,180,0.3)"
U3,1,1660012496000-2022-08-09-10-34-56-371-Facebook.jpg,0,查看更多>,0.114505495,0,0,3,0,0,0,0,0,0,2022/8/9 10:34,9,0,0, ,5,"rgba(5,61,180,1)"
U3,1,1660012496000-2022-08-09-10-34-56-371-Facebook.jpg,1,"不能审街,都是其國首相府十號梅游述駐主人的蘇琳發文斌:查看更多創線切外電-Taiwan-加入JennerLee的天13:31:4連陳家福GlobalNewsFor話站Y",0.266483516,0,0,4,1,0,0,0,0,0,2022/8/9 10:34,10,0,0, ,5,"rgba(5,61,180,0.3)"
U3,1,1660012496000-2022-08-09-10-34-56-371-Facebook.jpg,2,翻络推文likethesameTodayis#InternationalCatDay;expectallcatstostrutaroundweowntheplace.Expect.tomorrowtoo.LarrytheCat@NumberDcat,0.359010989,0,0,4,1,1,0,0,0,0,2022/8/9 10:34,11,0,0, ,5,"rgba(5,61,180,0.3)"
U3,1,1660012497000-2022-08-09-10-34-57-371-Facebook.jpg,0,,0.02521978,0,0,5,0,0,0,0,0,0,2022/8/9 10:34,12,0,0, ,6,"rgba(0,68,255,1)"
U3,1,1660012497000-2022-08-09-10-34-57-371-Facebook.jpg,1,"主不管人超線網外電拌站GlobalNewsFor「Taiwan加入JesserLee1931的陳家通唐經寧街十號换族选址,都是英國首相府瑞發文說:,查看更多theX",0.267857143,0,0,4,0,0,0,0,0,0,2022/8/9 10:34,13,0,0, ,6,"rgba(5,61,180,0.3)"
U3,1,1660012497000-2022-08-09-10-34-57-371-Facebook.jpg,2,"likethe到播推文Todayis#InternationalCatDay;expectalltostrutaround.ownwesameLarryCat@Number1Ocatcatstomorrowtoo.theplace,Expect",0.446923077,0,0,4,1,1,0,0,0,0,2022/8/9 10:34,14,0,0, ,6,"rgba(5,61,180,0.3)"
U3,1,1660012498000-2022-08-09-10-34-58-371-Facebook.jpg,0,,0.016978022,0,0,5,0,0,0,0,0,0,2022/8/9 10:34,15,0,0, ,7,"rgba(0,68,255,1)"
U3,1,1660012498000-2022-08-09-10-34-58-371-Facebook.jpg,1,"Lee不管唐寧街一號换晚连駐,都是英國首相府主人的超瑞特文旗:查看更多LarrytheCat制版動外TaiwanJewGlobalNersFor網站A天atX",0.266483516,0,0,4,0,0,0,0,0,0,2022/8/9 10:34,16,0,0, ,7,"rgba(5,61,180,0.3)"
U3,1,1660012498000-2022-08-09-10-34-58-371-Facebook.jpg,2,likethesame终端推文@NumberOcatTodayis#InternationalCatDay:expecttostrutaround.theplace.Expectallweowntomorrowtoo.cats,0.456538462,0,0,4,1,1,0,0,0,0,2022/8/9 10:34,17,0,0, ,7,"rgba(5,61,180,0.3)"
U3,1,1660012499000-2022-08-09-10-34-59-371-Facebook.jpg,0,,0.016978022,0,0,5,0,0,0,0,0,0,2022/8/9 10:34,18,0,0, ,8,"rgba(0,68,255,1)"
U3,1,1660012499000-2022-08-09-10-34-59-371-Facebook.jpg,1,"主人的不管唐寧街十號换该选駐,都是英國首相府文斌:「今天是4國際與甜目。像好心理準備,看步如無人之入情,好像我著所有星聯昂首闊們是土地的主人對了,我們明天也會這麼跩」https://twitter.com/number10cat/status/1556541692660129793?s=21&t=OCHOWUGCM-20U8ZERXfw劃線外TaiwanJanslowLee於天1林瑞發GlobalNewsFor場網站加入3316",0.593406593,0,0,4,0,1,0,0,0,0,2022/8/9 10:34,19,0,0, ,8,"rgba(5,61,180,0.3)"
U3,1,1660012499000-2022-08-09-10-34-59-371-Facebook.jpg,2,LarrytheCat/@NumberiDeat,0.129615385,0,0,4,1,0,0,0,0,0,2022/8/9 10:34,20,0,0, ,8,"rgba(5,61,180,0.3)"
U3,1,1660012500000-2022-08-09-10-35-00-371-Facebook.jpg,0,"對https://twitter.com/number10cat/status/15565416926601297937=21&1CHOWJGCM-20UH8ZERXfwC副線製外電網站GloudNewsFoeTaiwanAorLee181硬不管唐寧街十號换性比駐,都是英國首相府主人的眼瑞橙支旗:「今天是:國際猫猫日。做好心理準著所有猫猫昂首闊步如入無人之將,好像我們是土地的主人饶我們明天也會這麼跩」備,看了,",0.563681319,0,0,4,1,1,0,0,0,0,2022/8/9 10:35,21,0,0, ,9,"rgba(5,61,180,0.3)"
U3,1,1660012500000-2022-08-09-10-35-00-371-Facebook.jpg,1,Todayis#InternationalCatDay;tostrutaroundexpectallcatsLarrytheCat@NumberOcat,0.176318681,0,0,4,1,0,0,0,0,0,2022/8/9 10:35,22,0,0, ,9,"rgba(5,61,180,0.3)"
U3,1,1660012501000-2022-08-09-10-35-01-371-Facebook.jpg,0,"Taiwan劃線制外電顶站GlobalNewsForLee61831-6加入Jession主人的賴不管唐寧街十號機洗地址,都是英國首相府瑞發文旗:「今天是国家保期日。做好心理準備,看如入無人之將,好像要著所有林猫昂首闊步們是土地的主人應對了,我們明天也會這麼跩」https://twitter.com/number10cat/status/15565416926601297937s-21&1=|CHOWJGCM-2018ZERXIIw",0.55956044,0,0,4,1,1,0,0,0,0,2022/8/9 10:35,23,0,0, ,10,"rgba(5,61,180,0.3)"
U3,1,1660012501000-2022-08-09-10-35-01-371-Facebook.jpg,1,TodayisInternationalCatDay:expectalltostrutaroundLarrytheCatNumberDcatcats,0.18043956,0,0,4,1,0,0,0,0,0,2022/8/9 10:35,24,0,0, ,10,"rgba(5,61,180,0.3)"
U3,1,1660012502000-2022-08-09-10-35-02-371-Facebook.jpg,0,"不管唐寧街十號創駐,都是英課首相府主人的賴瑞發文說:「今天星國際猫猫日。做好心理準備,看著所有星糊昂首闊步如入無人壤,好像我們是土地的主對了,我們明天也會這麼謎」https://twitter.com/number10cat/status之人格/15565416926601297937=21&1DSHOWJGCM-2018ZERXw電影線製外電譯站GlobalNewsFor「Taiwan加入JasmilowLee,昨天19311",0.538956044,0,0,4,1,1,0,0,0,0,2022/8/9 10:35,25,0,0, ,11,"rgba(5,61,180,0.3)"
U3,1,1660012502000-2022-08-09-10-35-02-371-Facebook.jpg,1,likeweTodayis#InternationalCatDay;expectallcatstostrutaroundowntheplace.ExpectLarrytheCat@Number10cat,0.201043956,0,0,4,1,0,0,0,0,0,2022/8/9 10:35,26,0,0, ,11,"rgba(5,61,180,0.3)"
U3,1,1660012503000-2022-08-09-10-35-03-371-Facebook.jpg,0,"A副線切外https://twitter.com/number10cat/status/155654169266012979378-2161DHOWJGCM-20UBZERX什wTaiwan加入JennieLee許天13316不能康寧街十號换體檢,都是英國首相府主人的麻珊登文说:「今天國際是:俊麵日、做好心理準著所有猫猫昂首附步如入無人之境,好像我們是土地的主人。備,看對了,我們明天也會這麼殺。GlobalNewsFor電譯站",0.52521978,0,0,4,1,1,0,0,0,0,2022/8/9 10:35,27,0,0, ,12,"rgba(5,61,180,0.3)"
U3,1,1660012503000-2022-08-09-10-35-03-371-Facebook.jpg,1,likeweTodayis#InternationalCatDay:expectallcatstostrutaround.owntheplace.ExpectLarrytheCat@Number10cat,0.21478022,0,0,4,1,0,0,0,0,0,2022/8/9 10:35,28,0,0, ,12,"rgba(5,61,180,0.3)"
U3,1,1660012504000-2022-08-09-10-35-04-371-Facebook.jpg,0,"創線動外GlobalNoesFor電譯站Taiwan31A不主人JessorLee,1831管唐帘街十號换經駐,都是英國首相府旗:「今天国邮级期日。做好心理準備,看如入無人之境,好像我的賴瑞發文著所有某瑞昂首闊步們是土地的主人物對了,我們明天也會泡錄:https://twitter.com/number1Ocat/status/15565416926601297937s-21&1DHOWJGCM-20UHAZERXw",0.512857143,0,0,4,1,1,0,0,0,0,2022/8/9 10:35,29,0,0, ,13,"rgba(5,61,180,0.3)"
U3,1,1660012504000-2022-08-09-10-35-04-371-Facebook.jpg,1,likethesameTodayis#InternationalCatDay:expecttoallweownLarrytheCat@Number10catthetomorrowcatsstrutaroundplace.Expecttoo.,0.227142857,0,0,4,1,0,0,0,0,0,2022/8/9 10:35,30,0,0, ,13,"rgba(5,61,180,0.3)"
U3,1,1660012505000-2022-08-09-10-35-05-371-Facebook.jpg,0,"$!DHOWJGCM-20nBZERXw0制服都外電譯站GlobalNewsFor「Taiwan加入JammerLee的天13:31:4管唐寧街十號换線比程,都是其國首相府主人的颠瑞發文説國際蘭縣日,做好心理準備,看著所有层磁昂首闊步如入無人之壞,好像我|們是土地的主人學不「今天是:對了,我們明天也會這麼殺」https://twitter.com/number10cat/status09297937-2151號|",0.47989011,0,0,4,1,1,0,0,0,0,2022/8/9 10:35,31,0,0, ,14,"rgba(5,61,180,0.3)"
U3,1,1660012505000-2022-08-09-10-35-05-371-Facebook.jpg,1,Todayis#InternationalCatDay:expectallcatstostrutaroundlikeweowntheplace.Expectthesametomorrowtoo.LarrytheCat|@NumberOcat,0.26010989,0,0,4,1,0,0,0,0,0,2022/8/9 10:35,32,0,0, ,14,"rgba(5,61,180,0.3)"
U3,1,1660012506000-2022-08-09-10-35-06-371-Facebook.jpg,0,"题!ADⓇ迎「著所有星辉席首闊步如入無人之清,好像我們是土地的主人商對了,我們明天也會泡鹽」https://twitter.com/number10cat/status/15565416926601297937s-21&t=DHOWJGCM-2018ZERXIw",0.269725275,0,0,4,1,0,0,0,0,0,2022/8/9 10:35,33,0,0, ,15,"rgba(5,61,180,0.3)"
U3,1,1660012506000-2022-08-09-10-35-06-371-Facebook.jpg,1,Todayis#InternationalCatDay;expectallcatstostrutaroundliketheplace.Expectthesametomorrowtoo.翻师推文weownLarrytheCat@NumberOcat,0.470274725,0,0,4,1,1,0,0,0,0,2022/8/9 10:35,34,0,0, ,15,"rgba(5,61,180,0.3)"
U3,1,1660012507000-2022-08-09-10-35-07-371-Facebook.jpg,0,鹊城神交15:23:2022/8/8.|1129次推75則引用的推文Todayis#InternationalCatDay;expectallcatsstrutaround.likeweowntheplace.Expectthesametomorrowtoo.LarrytheCat|@NumbertDcatTwitterforiPhoneto,0.74,0,0,4,1,1,0,0,0,0,2022/8/9 10:35,35,0,0, ,16,"rgba(5,61,180,0.3)"
U3,1,1660012508000-2022-08-09-10-35-08-371-Facebook.jpg,0,,0.034835165,0,0,4,1,0,0,0,0,0,2022/8/9 10:35,36,0,0, ,17,"rgba(5,61,180,0.3)"
U3,1,1660012508000-2022-08-09-10-35-08-371-Facebook.jpg,1,"今天是國家確勢日,懷好心理選用在11292播出75則引用的推文新西樂陳家科其他83人Todayis#IntermationalCatDay;expectallcatstostrutaround.likeweowntheplace.Expectthesametomorrowtoo..超娜推文JeniferLee不管唐寧街十號輪經據貼,都是滅國首相府主人的照则LarrytheCat@NumberDcat",0.705164835,0,0,4,1,1,0,0,0,0,2022/8/9 10:35,37,0,0, ,17,"rgba(5,61,180,0.3)"
U3,1,1660012510000-2022-08-09-10-35-10-371-Facebook.jpg,0,,0.037582418,0,0,4,1,0,0,0,0,0,2022/8/9 10:35,38,0,0, ,18,"rgba(5,61,180,0.3)"
U3,1,1660012510000-2022-08-09-10-35-10-371-Facebook.jpg,1,翻牌推文likethesametomorrowTodayis#InternationalCatDay;expectallcatsstrutaround.theplace.Expecttoo.15:23-2022/8/8-TwitterforiPhone1129次轉推75則用的推文流OsweownLarrytheCat@Number10catto,0.702417582,0,0,4,1,1,0,0,0,0,2022/8/9 10:35,39,0,0, ,18,"rgba(5,61,180,0.3)"
U3,1,1660012511000-2022-08-09-10-35-11-371-Facebook.jpg,0,ALT翻牌推文15:23:2022/8/8TwitterforiPhone言的家,0.514230769,0,0,4,1,1,0,0,0,0,2022/8/9 10:35,40,0,0, ,19,"rgba(5,61,180,0.3)"
U3,1,1660012511000-2022-08-09-10-35-11-371-Facebook.jpg,1,"「小雞是取途體育家族委【中盤股棒33年】8/9(二)賽程預告將1830×樂天桃猿vs.富邦悍,查看更多x",0.225769231,0,0,16,0,0,0,0,0,0,2022/8/9 10:35,41,0,0, ,19,"rgba(87,226,255,1)"
U3,1,1660012512000-2022-08-09-10-35-12-371-Facebook.jpg,0,15:23:2022/8/B-TwitterforiPhone满Qaz,0.212032967,0,0,4,1,0,0,0,0,0,2022/8/9 10:35,42,0,0, ,20,"rgba(5,61,180,0.3)"
U3,1,1660012512000-2022-08-09-10-35-12-371-Facebook.jpg,1,"|愛爾達體育家族卷中英【職棒33年】8/9(賽二)程預告【1830×樂天桃猿vs.富邦悍將,查看更多CPBL8/9(二)*****專0元x",0.527967033,0,0,16,1,1,0,0,0,0,2022/8/9 10:35,43,0,0, ,20,"rgba(87,226,255,1)"
U3,1,1660012513000-2022-08-09-10-35-13-371-Facebook.jpg,0,15:23-2022/8/8·TwitterforiPhong出口腔,0.148846154,0,0,4,1,0,0,0,0,0,2022/8/9 10:35,44,0,0, ,21,"rgba(5,61,180,0.3)"
U3,1,1660012513000-2022-08-09-10-35-13-371-Facebook.jpg,1,"ikut聆前途體育家族券【中继職棒33年】8/9(二)賽程預告18:30-樂天桃猿vs.富邦倪所,查看更多>CPBL8/09(二)",0.591153846,0,0,16,0,1,0,0,0,0,2022/8/9 10:35,45,0,0, ,21,"rgba(87,226,255,1)"
U3,1,1660012514000-2022-08-09-10-35-14-371-Facebook.jpg,0,0145CPBL8/09(二)***EBELTAN,0.606263736,0,0,16,0,1,0,0,0,0,2022/8/9 10:35,46,0,0, ,22,"rgba(87,226,255,1)"
U3,1,1660012514000-2022-08-09-10-35-14-371-Facebook.jpg,1,"#超级工作馬達用上工交易大限補彌後,化身「宇宙較」的第一個正式系列賽,教士實實在在蹉了個鐵板。..查看更多|愛爾達體育家族要81610-0",0.133736264,0,0,22,1,0,0,0,0,0,2022/8/9 10:35,47,0,0, ,22,"rgba(4,134,219,1)"
U3,1,1660012515000-2022-08-09-10-35-15-371-Facebook.jpg,0,WCPBL33MCPBLonELTA金——富邦主選賽事請定要開速會Desig【中華職棒33年】8/9(二)賽程预告18:30-桑天桃猿vs.悍將西班四加●主坯:李祐廷/講評:謝長亨起以下平台現場直播口中单電信M00【201频道】鎖定http://mod.cht.com.tw/atHamiMideo【安网速接到2台1http://homvidea.hinet.netIELTATV【愛爾達體育2台】|https://etaoft.tw>CPBLY8/09(二)富邦,0.74,0,0,16,0,1,0,0,0,0,2022/8/9 10:35,48,0,0, ,23,"rgba(87,226,255,1)"
U3,1,1660012516000-2022-08-09-10-35-16-371-Facebook.jpg,0,日NELTATV1受爾達體育2台】https:Weltaot.tv/=========#CPBL33CPILOVELTA#統一富邦主場賽事頻夏爾達Hariideo【延爾達體育2台】http://hamivideohinet.net/日中華電信M【201频道】00http://mod.cht.com.tw/)>CPBL8/9(二)TAE,0.74,0,0,16,0,1,0,0,0,0,2022/8/9 10:35,49,0,0, ,24,"rgba(87,226,255,1)"
U3,1,1660012517000-2022-08-09-10-35-17-371-Facebook.jpg,0,鎖定以下平台現場直播#中福電信MOD【201频道】BELTATV【级网速德育2台】https://eltaott/==========http://mod.cht.com.tw/@HamiWideo【設赠途體育2台】http://hamivideo.hinet.net/#CPBL33#CPBLonELTA|統富邦主常赛事鎖定愛爾達CPBL8/09(二*******18:30,0.74,0,0,16,1,1,0,0,0,0,2022/8/9 10:35,50,0,0, ,25,"rgba(87,226,255,1)"
U3,1,1660012518000-2022-08-09-10-35-18-371-Facebook.jpg,0,145防潮E-METAonBELTANN百家利百度,0.47989011,0,0,24,0,1,0,0,0,0,2022/8/9 10:35,51,0,0, ,26,"rgba(87,226,255,1)"
U3,1,1660012518000-2022-08-09-10-35-18-371-Facebook.jpg,1,"2聆途體育家族券16:19-0回#超级工作馬達爾上工交易大限補強後,化身「宇宙教」的第一個正式系列賽,教士貴實在在課了個鐵板...查看更多",0.26010989,0,0,22,0,0,0,0,0,0,2022/8/9 10:35,52,0,0, ,26,"rgba(4,134,219,1)"
U3,1,1660012519000-2022-08-09-10-35-19-371-Facebook.jpg,0,出BELIAN201,0.246373626,0,0,24,0,0,0,0,0,0,2022/8/9 10:35,53,0,0, ,27,"rgba(87,226,255,1)"
U3,1,1660012519000-2022-08-09-10-35-19-371-Facebook.jpg,1,"系列賽$#超级工作馬達用上工交易大樓密後,化身「宇|夏爾涂體育家16:19-0,較士實洛杉磯道奇聖地牙哥教士8,0897.00實在在踢了個宙教」的第一個正式鐵板...查看更多A",0.493626374,0,0,22,0,1,0,0,0,0,2022/8/9 10:35,54,0,0, ,27,"rgba(4,134,219,1)"
U3,1,1660012520000-2022-08-09-10-35-20-371-Facebook.jpg,0,"MLB美國大聯里00$8,0807.00洛杉磯道奇聖地牙哥教士天天直播全台最多",0.58978022,0,0,22,0,1,0,0,0,0,2022/8/9 10:35,55,0,0, ,28,"rgba(4,134,219,1)"
U3,1,1660012520000-2022-08-09-10-35-20-371-Facebook.jpg,1,"·香港財姆4月5日【將派消费卷第二期】第二站段消费務即大商場搵出優惠,更有商通最多达出等。《香港財國時查看更多5年原装设票及水上樂園門票17:00酒-帐o6發,各",0.15021978,0,0,28,1,0,0,0,0,0,2022/8/9 10:35,56,0,0, ,28,"rgba(5,61,180,1)"
U3,1,1660012521000-2022-08-09-10-35-21-371-Facebook.jpg,0,MLB美國聯棒大聯盟DodgeO天天直播全台最金秋o-ELeRe十天貓露。8次分享,0.335659341,0,0,22,0,0,0,0,0,0,2022/8/9 10:35,57,0,0, ,29,"rgba(4,134,219,1)"
U3,1,1660012521000-2022-08-09-10-35-21-371-Facebook.jpg,1,"送匯香港財經時報◎5700018券第二期】第二路段讲賣并館將派發,各大商推出最多送出5不愿装设優惠,更有商藏及水上樂《香港財經時,查看更多消费师2022代·agm等「時逾60商場優豐股園門高等票、、水上惠樂園門票等合集X",0.404340659,0,0,28,1,1,0,0,0,0,2022/8/9 10:35,58,0,0, ,29,"rgba(5,61,180,1)"
U3,1,1660012522000-2022-08-09-10-35-22-371-Facebook.jpg,0,"消獎得水上樂園門票等023·時代202-60商場優惠合集送匯股票、水上樂園門票等大商場推【消查卷第二期】第二站段消费務即將派發,各有商诊最多送出5手便要放水上樂園門票等。出優惠,更票及《香港財國時,查看更多!#2022逾廣場、apm等2|apm等通60商管庫|迷陳智投票Ot。99本次分家",0.595274725,0,0,28,1,1,0,0,0,0,2022/8/9 10:35,59,0,0, ,30,"rgba(5,61,180,1)"
U3,1,1660012522000-2022-08-09-10-35-22-371-Facebook.jpg,1,68Yik|3月3日16:303Limx,0.144725275,0,0,32,0,0,0,0,0,0,2022/8/9 10:35,60,0,0, ,30,"rgba(87,226,255,1)"
U3,1,1660012523000-2022-08-09-10-35-23-371-Facebook.jpg,0,消箱520水上樂署門票等028|apm等逾60商埸優惠|这远景投资22办理文分享,0.201043956,0,0,28,1,0,0,0,0,0,2022/8/9 10:35,61,0,0, ,31,"rgba(5,61,180,1)"
U3,1,1660012523000-2022-08-09-10-35-23-371-Facebook.jpg,1,"史..GPOLO查看更多1004完全籍贵大权保的天的情測。陳在當年她被以軍法審判的法園內,陶瓷洛西與美國代表選,親自說明堪段台灣在威權統治下的歷31000e",0.538956044,0,0,32,0,1,0,0,0,0,2022/8/9 10:35,62,0,0, ,31,"rgba(87,226,255,1)"
U3,1,1660012524000-2022-08-09-10-35-24-371-Facebook.jpg,0,,0.051318681,0,0,28,1,0,0,0,0,0,2022/8/9 10:35,63,0,0, ,32,"rgba(5,61,180,1)"
U3,1,1660012524000-2022-08-09-10-35-24-371-Facebook.jpg,1,"被以軍法審完全證田大叔偶昨天的猜測表圈,親自說明過段台灣在李忠惠券*B00VikLim8月3日04:3判的法庭內,向裝洛西與美國代威權統治下的歷。陳菊在當年地",0.688681319,0,0,32,0,1,0,0,0,0,2022/8/9 10:35,64,0,0, ,32,"rgba(87,226,255,1)"
U3,1,1660012525000-2022-08-09-10-35-25-371-Facebook.jpg,0,002410DE3月至西-71次分享,0.567802198,0,0,32,0,1,0,0,0,0,2022/8/9 10:35,65,0,0, ,33,"rgba(87,226,255,1)"
U3,1,1660012525000-2022-08-09-10-35-25-371-Facebook.jpg,1,"#71稍好雞日往拿下八月週比賽,成為份首的時利全聯盟首支得到70勝的隊伍。洋基已苦吞了5.查看更多夏爾途體育家族委2天1月24x",0.172197802,0,0,37,0,0,0,0,0,0,2022/8/9 10:35,66,0,0, ,33,"rgba(0,68,255,1)"
U3,1,1660012526000-2022-08-09-10-35-26-371-Facebook.jpg,0,00242031個國-71次分享,0.271098901,0,0,32,0,0,0,0,0,0,2022/8/9 10:35,67,0,0, ,34,"rgba(87,226,255,1)"
U3,1,1660012526000-2022-08-09-10-35-26-371-Facebook.jpg,1,"971年支得到奸自從拿下八月份anne7號>夏爾途體育家族卷10天14240勝的隊伍首選比,洋基已苦吞了5.MLB賽的勝利,成$為全查看更多**聯盟首",0.468901099,0,0,37,0,1,0,0,0,0,2022/8/9 10:35,68,0,0, ,34,"rgba(0,68,255,1)"
U3,1,1660012527000-2022-08-09-10-35-27-371-Facebook.jpg,0,OD2420|3月-7120度百里,0.124120879,0,0,32,0,0,0,0,0,0,2022/8/9 10:35,69,0,0, ,35,"rgba(87,226,255,1)"
U3,1,1660012527000-2022-08-09-10-35-27-371-Facebook.jpg,1,"RFARIA子MOD掉越要取途赣育家族要1424#7110自從拿下八月份首週比賽的勝利,成為全聯盟首了查看更多支得到70断的隊伍。洋基已苦吞5,TMLB/MENE10:00.ELTAREM**8/09-***BELTA$",0.615879121,0,0,37,1,1,0,0,0,0,2022/8/9 10:35,70,0,0, ,35,"rgba(0,68,255,1)"
U3,1,1660012528000-2022-08-09-10-35-28-371-Facebook.jpg,0,Bo,0.110384615,0,0,32,0,0,0,0,0,0,2022/8/9 10:35,71,0,0, ,36,"rgba(87,226,255,1)"
U3,1,1660012528000-2022-08-09-10-35-28-371-Facebook.jpg,1,"#716奸艘日往拿下支得到70勝的HITTAAanke八月份安网涂體育家族卷42越B#OL.IONBELTOM首洲隊伍。洋基已苦吞了58/0910:00ELIZABETH比賽MLBATVH$的層利,成為410,查看全**聯盟首更多",0.629615385,0,0,37,0,1,0,0,0,0,2022/8/9 10:35,72,0,0, ,36,"rgba(0,68,255,1)"
U3,1,1660012529000-2022-08-09-10-35-29-371-Facebook.jpg,0,機,0.087032967,0,0,32,0,0,0,0,0,0,2022/8/9 10:35,73,0,0, ,37,"rgba(87,226,255,1)"
U3,1,1660012529000-2022-08-09-10-35-29-371-Facebook.jpg,1,"Omanke險避浙天14:24·舒途體#718好链白往拿下八月份首個比賽的勝利,成為全聯盟首|,洋基已否存了5,查看更多支得到70勝的隊伍MLBATTS*****JRPRIMA8/09-ORAT10:00..育家族券31歲組离,14家",0.652967033,0,0,37,0,1,0,0,0,0,2022/8/9 10:35,74,0,0, ,37,"rgba(0,68,255,1)"
U3,1,1660012530000-2022-08-09-10-35-30-371-Facebook.jpg,0,M,0.070549451,0,0,32,0,0,0,0,0,0,2022/8/9 10:35,75,0,0, ,38,"rgba(87,226,255,1)"
U3,1,1660012530000-2022-08-09-10-35-30-371-Facebook.jpg,1,"06anke法|夏爾達體育家族卷8天1424#711097自從拿下八月份首場比賽的勝利,成為全聯盟首支得到70醋的隊洋基已苦行了5.查看更多MLB伍,#LINHELTAND8/0910:00.CLAREM***中影留言+1次分享$ARRAY",0.669450549,0,0,37,0,1,0,0,0,0,2022/8/9 10:35,76,0,0, ,38,"rgba(0,68,255,1)"
U3,1,1660012531000-2022-08-09-10-35-31-371-Facebook.jpg,0,#,0.070549451,0,0,32,0,0,0,0,0,0,2022/8/9 10:35,77,0,0, ,39,"rgba(87,226,255,1)"
U3,1,1660012531000-2022-08-09-10-35-31-371-Facebook.jpg,1,"inMRe服專區昨天14贈途2#71路好難自從拿下八月,成為全份首溫比賽的勝利聯果然支得到70圈的隊伍,洋基已苦吞了,查看更多MLE6體育家族。699.00NFELTAND8/0910:00.ELTABRAS***1S.x",0.669450549,0,0,37,0,1,0,0,0,0,2022/8/9 10:35,78,0,0, ,39,"rgba(0,68,255,1)"
U3,1,1660012533000-2022-08-09-10-35-33-371-Facebook.jpg,0,"HEMEanRe2508/09支得到70個的隊伍,洋基已苦吞了5.查看更多MLB10:00.CLAIREMATT*$在*****11-1398410MIN",0.626868132,0,0,37,0,1,0,0,0,0,2022/8/9 10:35,79,0,0, ,40,"rgba(0,68,255,1)"
U3,1,1660012533000-2022-08-09-10-35-33-371-Facebook.jpg,1,"林林儀醫師道淤堅定新中mx=o8月2日11:246裴洛西議長龍台,全球關注。",0.113131868,0,0,46,0,0,0,0,0,0,2022/8/9 10:35,80,0,0, ,40,"rgba(4,134,219,1)"
U3,1,1660012534000-2022-08-09-10-35-34-371-Facebook.jpg,0,"OrHUMA8/0910:00.ELTAIRE分=""LIONBELTAR將ARGA",0.293076923,0,0,37,0,0,0,0,0,0,2022/8/9 10:35,81,0,0, ,41,"rgba(0,68,255,1)"
U3,1,1660012534000-2022-08-09-10-35-34-371-Facebook.jpg,1,"8月司林靜儀醫舞温傑堅定斯中二〇2日1824最洛西議長抵台,全球關注。籤助接了三個站牌,-参度自土耳其,查看更多◎七旬老站数过和其他1.7萬人222則留言-286次分享6x",0.446923077,0,0,46,0,1,0,0,0,0,2022/8/9 10:35,82,0,0, ,41,"rgba(4,134,219,1)"
U3,1,1660012535000-2022-08-09-10-35-35-371-Facebook.jpg,0,0270湖令#LONBELTONO,0.195549451,0,0,37,0,0,0,0,0,0,2022/8/9 10:35,83,0,0, ,42,"rgba(0,68,255,1)"
U3,1,1660012535000-2022-08-09-10-35-35-371-Facebook.jpg,1,"洛西司林4月2日14:26裴議長抵台,全球關注。圈時接了三個訪問。一個來自土耳其,查看更多:大七常自讨和其他17日入222日包,336次分享Osa温柔坚定新中靜儀醫師",0.537087912,0,0,46,0,1,0,0,0,0,2022/8/9 10:35,84,0,0, ,42,"rgba(4,134,219,1)"
U3,1,1660012535000-2022-08-09-10-35-35-371-Facebook.jpg,2,,0.007362637,0,0,51,0,0,0,0,0,0,2022/8/9 10:35,85,0,0, ,42,"rgba(2,22,105,1)"
U3,1,1660012536000-2022-08-09-10-35-36-371-Facebook.jpg,0,"0%69DE.DONWELTAOr11天公盃,1次分享",0.195549451,0,0,37,0,0,0,0,0,0,2022/8/9 10:35,86,0,0, ,43,"rgba(0,68,255,1)"
U3,1,1660012536000-2022-08-09-10-35-36-371-Facebook.jpg,1,"因「期。為這種壓育林服儀醫師温柔堅定新中'=018281824-0注。裴洛西議長抵台,全球制個站間,一個來自土耳其,二個來自雖時接了三同打砸,所以幾乎隔時準備:我表示台灣過去在國際上長期是立的,我們都能理解與我們友好的國際友人會受到中國的威誉著可能被取消的样|訪、中國在軍事恫嚇成是貿易經濟的不友善這也是為什麼要洛西議長在中國非常粗魯不义的對她的拜訪發出軍事威脅之後,她依然拜訪台灣非常強烈的感動與由衷的歡迎。時,台灣民眾有力之下,依然堅持的友誼,更是不容x",0.544450549,0,0,46,0,1,0,0,0,0,2022/8/9 10:35,87,0,0, ,43,"rgba(4,134,219,1)"
U3,1,1660012537000-2022-08-09-10-35-37-371-Facebook.jpg,0,"ON6-06-ONBELTANDOs11天官書,分享1次分享",0.18043956,0,0,37,0,0,0,0,0,0,2022/8/9 10:35,88,0,0, ,44,"rgba(0,68,255,1)"
U3,1,1660012537000-2022-08-09-10-35-37-371-Facebook.jpg,1,"體对接了A.我表示台灣過去在有媒體詢問「台灣育林际催醫師道茨艇出航中=o3月2日11裴洛西議長抵台,全球關注。國際上長期是孤立的,我們都能理解與我們友好的國際友人會受到中國的威脅與打壓,所以機乎隔時準備著可能被取消的拜訪、中國在軍事恫嚇或是貿易經濟的不友善,這也是為什麼装店西議長在中國非常粗魯不文的她的拜访發出军事威母之後,她依然拜訪台灣時,台灣民眾有非常強烈的感動與由衷的歡迎。因為這種壓力之下,依然堅持的灰雄,更是不容對24一個來自土耳其,二個來自三個訪問。6民眾是否非常恐怖?因為中國",0.55956044,0,0,46,0,1,0,0,0,0,2022/8/9 10:35,89,0,0, ,44,"rgba(4,134,219,1)"
U3,1,1660012538000-2022-08-09-10-35-38-371-Facebook.jpg,0,进Oa的眼,0.151593407,0,0,37,0,0,0,0,0,0,2022/8/9 10:35,90,0,0, ,45,"rgba(0,68,255,1)"
U3,1,1660012538000-2022-08-09-10-35-38-371-Facebook.jpg,1,"與打壓有媒體詢問「台灣有表示軍事的威間,」育林靜儀醫師温柔堅定新中2014-0。裝洛西議長抵台,全球關注接了三個站間,一個來自土耳其,二個來自购对出口,隨時準我表示台灣過去在國際上長期是空的,我們都能理解與我們友好的國際友人會受到中國的威脅所以遊乎備著可能被取消的拜站,中國在軍事假勝成是貿易經濟的不友善,這也是為什麼装洛西議長在中國非常粗魯不交的之後然拜訪台灣時,台灣民眾有非常強烈的感動與由衷的歡迎。因為這種壓力之下,依然堅持的反抗,更是不容對她的拜訪發出軍事成,她依民眾是否非常恐慌?因為中國X",0.588406593,0,0,46,0,1,0,0,0,0,2022/8/9 10:35,91,0,0, ,45,"rgba(4,134,219,1)"
U3,1,1660012539000-2022-08-09-10-35-39-371-Facebook.jpg,0,,0.004615385,0,0,46,0,0,0,0,0,0,2022/8/9 10:35,92,0,0, ,46,"rgba(4,134,219,1)"
U3,1,1660012539000-2022-08-09-10-35-39-371-Facebook.jpg,1,"善待有表示軍接裴洛西議長抵了事428124的三個站間母林静儀器師通常堅定新中-0台,全長期是孤立的。我們都我表示台灣過去在國際上你理解與我們友好的國與友人會受到中國的威脅消的拜站、中國在軍事帽濕成屋實易經濟的不友善。與打壓,所以搬乎隨時準備著可能被取這也是為什園装洛西議長在中國非常粗魯不文的對她的拜訪發出軍事威脅之後,她依然拜訪台灣烈的感動與由來的歡迎,因為這種壓力之下,依然堅持的友谊,更時,台灣民眾有非常強是不容有规遭詢問「台灣民眾是否非常恐慌?因為中國威化。」我回答他們,中國軍機威發挑节台灣已經是每天發生的事情,台灣不會天真的以為區域和平不受威發,但是也越來越發現,立自己、妥協中域的和平;反而我們必須|園,並不能因此換得借球關,一個來自土耳其,二個來自注。",0.735384615,0,0,46,0,1,0,0,0,0,2022/8/9 10:35,93,0,0, ,46,"rgba(4,134,219,1)"
U3,1,1660012540000-2022-08-09-10-35-40-371-Facebook.jpg,0,"|站、中自示媒借的問有有表示軍事的威國在軍二〇8021824-0裝泡西議長照台,全球關注。臨時接了三個訪問,一個來自土耳其,二個來自|我表台灣過去在國際上長既是孤立的,我們都能理解與我們友好的医專友人會受到中國的威警與打壓,所以幾乎所時準備著可能被取消的拜或是露易經濟的不友善這也是為什麼裴洛西議長在中國非常相像不文的對她的拜訪發出軍事威脅之後,她依然拜訪台灣時,台灣民眾有非常强烈的感動與由衷的歡迎。因為這種壓力之下,依然堅持的友雄,更是不容「親他,中國軍機級商机替台灣已經是每天發生的事情,台灣不會天真的以為匿域和平不受威發,但是也越來越發現,立自己、妥協中園,並不能因此得區域的和平;反而我們必須己的防禦能力,同時尋求各種可能,和國事帽眼聞。」「台灣民眾是否非常恐预?因為中國",0.74,0,0,46,0,1,0,0,0,0,2022/8/9 10:35,94,0,0, ,47,"rgba(4,134,219,1)"
U3,1,1660012541000-2022-08-09-10-35-41-371-Facebook.jpg,0,"的時接時,台我回答他們灣了三個這也是為什麼装洛西對她的拜訪發出軍事威脅月2011246北海内議長抵台,全球關注。,因為這種壓力之下,依然堅持民眾有非常強|我表示台灣過去在國際上長期是立的,我們都能理解與我們友好的國際友人會受到中國的威脅與打壓,所以幾乎隨時準備著可能被取消的拜站、中國在軍事相關這是貿易經濟的不友善有天早麗香菲常恐院?因為中國有媒體詢聲「發生的事情,台灣不會天真的以為區域和平不受威發,但是也越來越發現、確立自己、妥協中據,並不能因此換得證域必須建立自己的防側能力,同時尋求各種可能,和國的和平;反而我們際社會建立正常關係。時間,一個議長中國軍構成离挑替台灣已經是每天烈在中國之後,她依來自土耳其、二個來自的感動與由衷的歡迎。非常的友谊,更是不容然拜粗魯不文的訪台灣",0.74,0,0,46,0,1,0,0,0,0,2022/8/9 10:35,95,0,0, ,48,"rgba(4,134,219,1)"
U3,1,1660012542000-2022-08-09-10-35-42-371-Facebook.jpg,0,"有的威當時接了三個訪問,一個來自土耳其,二個來自英國。我表示台灣過去在國際上長期是孤立的,我們都能理解與我們友好的國際友人會受到中國的威脅與打壓,所以腐乎隨時準備著可能被取消的項方、中國在軍事恫嚇或是質易經濟的不友善。這也是為什麼衰洛西議長在中國市常相容不文對她的拜訪發出军事威發之後,她依然拜訪台時,台灣民眾有非常強烈的感動與由衷的歡迎。的灣因為這種壓力之下,依然堅持的灰雄,更是不容有媒體詢問「台灣民眾是而非常恐极?因為中國表示軍事營」我回答他們,中國軍機遠非常台灣已經是每天發生的事情,台灣不會天真的以為區域和平不受國,並不能因此換得區域的和平;反而我們必須威脅,但是也越來越發現,立自己、妥協中建立自己的防景能力,同時罪求各種可能,和國際社會建立正常關係。的目共觀察別莊常多台灣人今晚關注義市西購長行程,興奮程度簡直像是新年倒數命+1",0.74,0,0,46,0,1,0,0,0,0,2022/8/9 10:35,96,0,0, ,49,"rgba(4,134,219,1)"
U3,1,1660012543000-2022-08-09-10-35-43-371-Facebook.jpg,0,"|我表示台他們灣過去,中在能理解與我們友好的國際友人會受到中國的威脅與打菌,所以後平陆時準備著可能被取消的环站,中國在軍事假眼成是貿易經濟的不友善這也是為什麼装洛西議長在中國非常粗魯不文的對她的拜訪發出軍事威脅之後,她依然拜訪台灣路,台灣民眾有非常懂烈的感動與由液的節錄。因為這種壓力之下,依然堅持的友情,更是不容有媒颈詢問「台灣民眾是否非常恐慌?因為中國有表示軍事的威脅。」我回答發生的事情,台灣不會天真的以為區域和平不受威發,但是也越來越發現,孤立自己、妥協中、國軍「國,並不能因此換得區域的和平;反而我們必須建立自己的防能力,時尋求各種可,國察社會建立正常關係。「而且我觀察到非常多台灣人今晚關注洛西请長行程,請奮程度預直像是新年倒數5~1我相信國際關係不會在今台灣正在一步一步的成為國際社會上,支持民主自由與人權共同價值晚就撬比劇變,但是,國機際上同混體出發台灣長期是孤立的已經能是,我們都和每天",0.74,0,0,46,0,1,0,0,0,0,2022/8/9 10:35,97,0,0, ,50,"rgba(4,134,219,1)"
U3,1,1660012544000-2022-08-09-10-35-44-371-Facebook.jpg,0,"媒體詢問「台灣因為這種壓力之下,我表示台灣過去在國有有表示軍事的威發。」的威脅法理解與我們友好的國境友人會受到中國與打壓,所以機乎隨時準備著可能被取消的样站,中國在軍事相關成是貿易經濟的不友善,這也是為什麼装洛西議長在中國非常粗魯不文的對她的拜訪發出軍事威脅之後,她依然拜訪台灣|時,台灣民眾有非常強烈的感動與由衷的軌道,我回答他們,中國軍機威脅挑符台灣已經是每天發生的事情,台灣天真的以為關城和平不受風發,但是也越來越發現,確立自己、妥協中國,並不能因此換得證域的和平;反而我們必須建立自己的防測能力,同時尋求各種可能,和園聚社會建立正常關係,「而且我觀察到非常多台灣人今晚關注豪洛西浦長行程,寶奮程度簡直像是新年倒數發。」|我相信國際關係不會在今晚就從此劇變,但是,支持民主不會際上民單是否非常恐慌?因為中國依然堅持的友誼,更是不容長期是孤立的,我們都",0.74,0,0,46,0,1,0,0,0,0,2022/8/9 10:35,98,0,0, ,51,"rgba(4,134,219,1)"
U3,1,1660012546000-2022-08-09-10-35-46-371-Facebook.jpg,0,"聚社會發生的威脅,但是有表示軍事的威建立有媒體詢問「台灣也正常關事情,台灣不會越來桶我表示台灣過去在國際上長期是孤立的,我們都我們友好的國友人會能理解與受到中國的威脅拜與打础,所以麥可隨時準備著可能被取消的|訪、中國在軍事帽球是貿易經濟的不友善這也是為什麼装洛西議長在中國非常粗魯不文灣對她的拜訪發出军事威母之後,她依然拜訪台時,台灣民眾有非常強烈的感動與由衷的歡迎。因為這種壓力之下,依然堅持的灰雄,更是不容|我回答他們,中國軍機或音挑量台灣已經是每天天真的以為區域和平不变圖,並不能因此搞得區域的和平;反而我們必須建立自己的防溺能力,同時非求各種可能,和國係「而且我觀察到非常多台灣人今晚關注表内西语長行程,興奮程度簡直像是新年倒數咎。」我相信國際關係不會在今晚就從此劇獎。但是,台灣正在一步一步的成為國際社會上,支持民主自由與人權共同调值的夥伴。。」越發。民單是西非常恐微了現,现立自己、因妥協為中國中的",0.74,0,0,46,0,1,0,0,0,0,2022/8/9 10:35,99,0,0, ,52,"rgba(4,134,219,1)"
U3,1,1660012547000-2022-08-09-10-35-47-371-Facebook.jpg,0,"訪、中國在軍日由與人權共同價值的事恫我表示台灣過去在國際上長期是冷的能理解與我們友好的國博发人也受到中國的威化與打壓,所以機乎隨時準備著可能被取消的拜:事的這也是為什覆發洛西長在中國市常粗魯不文訪台對她的拜訪發出軍威鎊之後,她依然拜灣不容有媒體的問「台灣民眾是否非常恐微?因為中國有表示軍事的威音,」我回答他們,中國軍機威發执體台灣已經是每天發生的事情,台灣不會天真的以為能城和平不受國,並不能因此梅得圆域的和平;反而我們必須威脅,但是也越來越發現,孤立自己、妥協中|建立自己的防附能力,同時聯求各種可能,和隨類社會建立正常關係。「而且我觀察到非常多台灣人今晚關注要将西域長行程,興奮程度簡直像是新年倒數日我相信國際關係不會在今晚就從此劇變。但是,台灣正在一步一步的成為國際社會上,支持民主嚇或是其坐贸易。經油的不仅能",0.74,0,0,46,0,1,0,0,0,0,2022/8/9 10:35,100,0,0, ,53,"rgba(4,134,219,1)"
U3,1,1660012548000-2022-08-09-10-35-48-371-Facebook.jpg,0,"這也是借的為什想有限有表示軍事的威音。」關係度衰「台不會值能理解與我們友好「而且我觀察到非常台灣人今晚關注表長行程,興奮程度簡直像是新年倒數瞓。」與打壓,所以機乎隨時準備著可能被取消的拜|訪、中國在軍事恫嚇或是贸易经济的不仅给洛西議對她的拜访發出軍事威發之後,她依然拜訪台灣時,台灣民眾有非常運烈的感動與由衷的歡迎。因為這種壓力之下,依然堅格的友誼,更是不容:我回答他們,中國軍機威視體台灣已經是每天發生的事情,台灣不會天真的以為面域和平不受國,並不能因此得區域的和平;反而我們必須建立自己的防粥能力,同時罪求各種可能,和國威脅,但是也越來越發現,立自己、妥協中擦社會建立正常關係。我相信國際台湾正在一步一步的成為國際社會上,支持民主日由與人權共同價伴。在的多夥今長在灣民眾是否非常恐极了因為中國的國際友人曾受到中國的威脅晚中就國從市此劇常粗變,但魯不文的洛西議是,",0.74,0,0,46,0,1,0,0,0,0,2022/8/9 10:35,101,0,0, ,54,"rgba(4,134,219,1)"
U3,1,1660012549000-2022-08-09-10-35-49-371-Facebook.jpg,0,"與訪打壓,所自由與人權共同一起團結,走向世界。台灣正在一步一步的成為國際社會,中國在軍事恫嚇成是貿易經濟我相信國際關係不會在今晚就從此劇以機乎隨時準備著可｢而且我觀察到非常多台灣人今晚關長行程,興奮程度簡直像是新年倒數②4的样這也是為什麼装洛西議長在中國非常粗魯不文的對她的拜訪發出軍事威脅之後,她依然拜訪台灣,時,台灣民眾有非常強烈的感動與由衷的歡迎。因為這種風力之下,依然堅持的灰雄,更是不容有媒體詢問「台灣民眾是否非常恐微?因為中國有表示軍事的威音,可|我回答他們,中國軍機威脅挑符台灣已經是每天發生的事情,台灣不會天真的以為區域和平不变國,並不能因此換得區域的和平;反而我們必須建立自己的防朋焰力,同經罪求各種可能,和園威發,但是也越來越發現,孤立自己、妥協中聚社會建立正常關係。價值的夥伴能被取消的不友上,支持民主注表咨西域變,但是,善,",0.74,0,0,46,0,1,0,0,0,0,2022/8/9 10:35,102,0,0, ,55,"rgba(4,134,219,1)"
U3,1,1660012550000-2022-08-09-10-35-50-371-Facebook.jpg,0,"國,我相並我信國際觀不能因關察到係此非不換「而且長行程,興奮程度蘭直像是新年倒數恭11常多|訪、中國在軍事個遊成是貿易經濟的不友善這也是為什麼發泡四議長在中國非常相惜不文的對她的拜訪發出軍事威脅之後,她依然拜訪台灣誌,台灣民眾有非常强烈的感動與由衷的歡迎。因為這種壓力之下,依然堅持的反證,更是不容有媒體活點?因為中國|我回答他們,中國軍機威爾鴇台灣已經是每天發生的事情,台灣不會天真的以為!域和甲不受|威發,但是也越來越發現,確立自己、妥協中、會在得區建立自己的防能力,同時尋求各種可能,和國際社會建立正常關係。台灣正在一步一步的成為國際社會上,支持民主自由與人權共同價值的夥伴一起團結,走向世界。台灣今晚人今。就從域的和平;反而我們必須此劇變晚關注到洛西浦,但是,",0.74,0,0,46,0,1,0,0,0,0,2022/8/9 10:35,103,0,0, ,56,"rgba(4,134,219,1)"
U3,1,1660012551000-2022-08-09-10-35-51-371-Facebook.jpg,0,"一起图結,媒體詢問「走有有表示軍事的威脅。自由與人權共同價值的向世界,「而且我觀察到非常多台灣人今晚關注張長行程,預奮程度簡直像是新年倒數話+工這也是為什麼装洛西議長在中國非常租兽不文的對她的拜訪發出軍事處發之後,她依然拜訪台灣時,台灣民眾有非常強烈的感動與由衷的歡迎,因為這種壓力之下,依然堅持的灰雄,更是不容我回答他們,中國軍機威角挑閒台灣已經是每天發生的事情,台灣不會天真的以為區域和平不亚威脅,但是也越來越發現,確立自己、妥協中「國,並不能因此換得區域的和平;反而我們必須建立自己的防粥能力,同時罪求各種可能,和國來社會建立正常關係。我相信國際關係不會在今就從此劇望,但是,台灣正在一步一步的成為國際社會上,支持民主台灣民是西非常恐微了因為中國夥伴。晚洛西诺",0.74,0,0,46,0,1,0,0,0,0,2022/8/9 10:35,104,0,0, ,57,"rgba(4,134,219,1)"
U3,1,1660012552000-2022-08-09-10-35-52-371-Facebook.jpg,0,"湾正在一有媒體詢問有表示軍事的威脅。」步一步的台自由與人權共同價值的夥伴。一起跟結,虛與世界,時,台灣民眾有非常強烈的感動與由衷的歡迎。因為這種压力之下,依然堅持的灰雄,更是不容我回答他們,中國軍機威發机票台灣已經是每天發生的事情,台灣不會天真的以為個城和平不变威脅,但是也越來越發現,孤立自己、妥協中國,並不能因此得區域的和平;反而我們必須建立自己的防爾能力,同時罪求各種可能,和園謝社會建立正常關係。「而且我觀察到非常多台湾人今晚關注表咨西浦長行程,興奮程度簡直像是新年倒數器。」我相信國際關係不會在今晚就從此劇變,但是。會上,支持民主成為「台灣民眾是否非常恐版?因為中國國際社",0.74,0,0,46,0,1,0,0,0,0,2022/8/9 10:35,105,0,0, ,58,"rgba(4,134,219,1)"
U3,1,1660012553000-2022-08-09-10-35-53-371-Facebook.jpg,0,"一發生起我回答他的事們情,,眼睛,走向世界,中台灣國軍不對她的拜访發出军事威發之後,她依然拜訪台灣時,台灣民眾有非常强烈的感動與由衷的戰線,因為這種压力之下,依然堅持的友識,更是不容有媒遭詢問「台灣民眾是否非常恐耀?因為中國有表示軍事的威脅。」桃威脅,但是也越來越發現,立自己、妥協中關,並不能因此換得區域的和平;反而我們必須建立自己的防禦能力,同時尋求各種可能,和國際社會建立正常關係。「而且拉麵術劉若常多台灣人今晚關注康市西城要行程,請來程度簡直像是新年倒數51我相信國際關係不會在今晚就從此劇變,但是,台湾正在一步一步的成為國際社會上,支持民主|自由與人權共同價值的成夥伴。會天真的以為低域和平不受金拱照台灣已經是每天",0.74,0,0,46,0,1,0,0,0,0,2022/8/9 10:35,106,0,0, ,59,"rgba(4,134,219,1)"
U3,1,1660012556000-2022-08-09-10-35-56-371-Facebook.jpg,0,"辦一起因為這種壓力有媒體詢問「台有表示軍事的威發」之社會建立正常關係。眼結,走向世界。下,依然是不容我回答他們,中國軍機威發台灣已經是每天發生的事情。台灣不會天真的以為區域和平不受中威脅,但是也越來越發現,孤立自己、妥協國,並不能因此搞得圆域的和平;反而我們必須建立自己的防禦能力,同時尋求各種可能,和園「而且我觀察到非常多台灣人今晚關注衰洛西議每行程,與餐輪發簡體像是新年倒數器。」我相信國際關係不會在今晚就從此劇變,但是,台灣正在一步一步的成為國際社會上,支持民主自由與人權共同價值的影作。灣民眾是而非常恐性?因為中國坚持的灰雄,更",0.74,0,0,46,0,1,0,0,0,0,2022/8/9 10:35,107,0,0, ,60,"rgba(4,134,219,1)"
U3,1,1660012557000-2022-08-09-10-35-57-371-Facebook.jpg,0,"一起並團結,走向世界。有媒體詢問「台灣民眾是否非常恐极?因為中國有表示軍事的威脅。」我回答他們,中國軍機威習台灣已經是每天發生的事情,台灣不會天的以為區域和平不受威脅,但是也越來越發現,現立自己、安悅中。不能因此换得圖域的和平;反而我們必須圖,建立自己的防禦能力,同時罪求各種可能,和國際社會建立正常關係。「而且我觀察到非常多台灣人今晚關注義市西清長行程,興奮程度簡直像是新年倒數師。」我相信國際關係不會在今晚就從比劇獎。但是,台灣正在一步一步的成為國際社會上,支持|民主自由與人權共同價值的夥伴。真",0.74,0,0,46,0,1,0,0,0,0,2022/8/9 10:35,108,0,0, ,61,"rgba(4,134,219,1)"
U3,1,1660012558000-2022-08-09-10-35-58-371-Facebook.jpg,0,"一起團結我相信國際,走向世關界台灣正在一步一步的成為國際社會上,自由與人權共网偏值的夥伴。。。有媒體的問「台灣民單是西非常恐慌?因為中國有表示軍事的威發。」我回答他們,中國軍橋台威挑灣已經是每天發生的事情,台灣不會天真的以為區域和平不受威脅,但是也越來越發現,確立自己、妥協中圖,並不能因此得證域的和平;反而牠們必須建立自己的防禦能力,同時罪求各種可能,和園際社會建立正常係程度|關係不會在今晚就掉比劇赞。但是,支持民主",0.74,0,0,46,0,1,0,0,0,0,2022/8/9 10:35,109,0,0, ,62,"rgba(4,134,219,1)"
U3,1,1660012559000-2022-08-09-10-35-59-371-Facebook.jpg,0,"立自己的防潮建際社會建立正常關係。能台灣正在一步一步的自由與人權共同價值的夥伴。一起用結,走向世界。力我相信際關係不會在今校劇獎,「而且我觀察到非常多台灣要行程,并奮程度簡直像是新年倒數51有媒體詢問「台灣民眾是否非常恐怖了因為中國有表示軍事的成份。」|我回答他們,中國軍機成與挑台灣已經是每天發生的事情,台灣不會天真的為區域和平不变威脅,但是也越來越發現,確立自己、妥協中國,並不能因此换得區域的和平;反而我們必須各種可能,和國同時尋成為國際社會上,求以人今晚關注表咨西流支持民主。但是。",0.74,0,0,46,0,1,0,0,0,0,2022/8/9 10:35,110,0,0, ,63,"rgba(4,134,219,1)"
U3,1,1660012560000-2022-08-09-10-36-00-371-Facebook.jpg,0,"有我回媒鄭社會答他們建立正常,體詢問「台灣有表示軍事的威發。」中自由與人權共同價值一起團結,走向世界。國關係軍機發生的事情,台灣不會天真的以為區域和平不發威脅,但是也越來越發現,確立自己、妥協中國,並不能因此擠得區域的和平;反而我們必須建立自己的防無力,同時尋求各種可能,和國。的夥伴「而且我觀察到非常多台灣人今晚關注張洛西语長行程,興奮程度簡直像是新年倒數器。」我相信國際關係不會在今晚就往此劇變,但是台灣正在一步一步的成為國際社會上,支持民主:。威民眾是否非常恐怖?因為中國爾批發台灣已經是每天",0.74,0,0,46,0,1,0,0,0,0,2022/8/9 10:36,111,0,0, ,64,"rgba(4,134,219,1)"
U3,1,1660012561000-2022-08-09-10-36-01-371-Facebook.jpg,0,"我相發生一起信自的己國事情的跟貼,走且我觀察到際關,防制台係建立辦社會建立正常關係。向世非不灣不能力界會在常多,發現,「而長行程,請奮程度間直像是新年倒數51我回答他們,中國軍機威脅挑體台灣已經每天為認域和平不受立自己、妥協中,今威脅,但是也越來越園,並不能因此换得區域的和平;反而我們必須求各種可能,和國台會天真的以台灣正在一步一步的成為國際社會上,支持民主自由與人權共网價值的夥伴。同時尋+老自和其第17天172按套,336次升車灣晚人納今拉晚請比劇變注衰,但洛西議是",0.74,0,0,46,0,1,0,0,0,0,2022/8/9 10:36,112,0,0, ,65,"rgba(4,134,219,1)"
U3,1,1660012562000-2022-08-09-10-36-02-371-Facebook.jpg,0,"一起困站建立自己的防做能力,黑社會建立正常關係。|自由與人權共同價值的,走向世界,「而且我觀察到非常多台灣長行程,請奮程度簡直像是新年倒數+1我回答他們,中國軍機威脅挑體台灣已經是每天真的以為區域和平不受發生的事情,台灣不會天威發,但是也越來越發現,立自己、妥中、園,並不能因此换得借域的和平;反而我們必須我相信國際關係不會在今晚就從此劇變,但是,台灣正在一步一步的成為國際社會上,支持民主七台自结和其第17天222日按霞,336次分車夥伴。,同時尋求各種可能,和固同人今晚關注衰洛西議",0.74,0,0,46,0,1,0,0,0,0,2022/8/9 10:36,113,0,0, ,66,"rgba(4,134,219,1)"
U3,1,1660012564000-2022-08-09-10-36-04-371-Facebook.jpg,0,wwCIF白交友《H035.pt')csrTㄖㄙU.回58.3ㄓㄚㄏㄐap.²根麵搭哥-神寫行·这紐妳說得真好天帽660iBrainLee熱哥哥哥-侯窗行日航聚落西政梆子施志昌◎･沿戏威廉委員!今晚真的太令人感動發天香酒1830.h.4我,0.74,1,0,46,0,1,0,0,0,0,2022/8/9 10:36,114,0,0, ,67,"rgba(4,134,219,1)"
U3,1,1660012565000-2022-08-09-10-36-05-371-Facebook.jpg,0,"查原料环政院——一對洛西奧粉紫份零食饼券注裴是新年倒數獎。1號入座顶回家FPattyHou歌橘子+炸看其长95世門紐經-線离行添·超級議長行程的me有權靜儀委員的多力發聲,讓全世界更知道台灣天CARIN軟精子「而且我觀察到非常多台湾人今晚關,與個程度簡直像NEBOBE威廉委員!今晚真的太令人感動。183060行BraisLee焦糖芬恩·换意行日航装备改",0.74,1,0,46,0,1,0,0,0,0,2022/8/9 10:36,115,0,0, ,68,"rgba(4,134,219,1)"
U3,1,1660012566000-2022-08-09-10-36-06-371-Facebook.jpg,0,"你說最新伏C36双桥子CM陳氏英注裴洛Brain学生林松版有藏更知道台灣年倒靜儀數MPatty查看其他美容酒一對號入座的西議長大哥-我行·比起得真好著(2)恭。HouR橘子好行程」·或拼委員!今晚真的太令人感能發180me「而且我觀察到非常多台灣人今晚關罐LeeKe哥特宽行日前默洛西委員的多力發聲,讓全世界,與爾程度簡直像1990160",0.74,1,0,46,0,1,0,0,0,0,2022/8/9 10:36,116,0,0, ,69,"rgba(4,134,219,1)"
U3,1,1660012568000-2022-08-09-10-36-08-371-Facebook.jpg,0,"都15唐播戰機已李状腺我家在查看其他我方VivianLee真的像新年倒數天康購真的有被感動天眼盟MignonneLiao要想到他真的來了經會分辨戰真的天天明:戰到機的航全家盯著電視螢幕來了嗎?」「東了來了!」天霞国度機經過然後心想,隔壁神經病「又」天天發按理LeoYangSignorreLiao有人來白帶故影德線下的聲音了行行140",0.74,1,0,46,0,1,0,0,0,0,2022/8/9 10:36,117,0,0, ,70,"rgba(4,134,219,1)"
U3,1,1660012569000-2022-08-09-10-36-09-371-Facebook.jpg,0,"了天扫描Ohman真的都已然後心神經來了經會戰機真的天我家在我方思!」Lea参与其他四面MignonneLisa沒想到真的來了VivianLee真的像新年倒飲分会天素素戰有被感動到變道顺天刷全家盯著電視螢幕來了嗎?來310機的航線下,隔壁神經病「又」YangMignonneLiaoARE32Ⓒ分辨戰機經過的聲音了秒秒天天簪140",0.74,1,0,46,0,1,0,0,0,0,2022/8/9 10:36,118,0,0, ,71,"rgba(4,134,219,1)"
U3,1,1660012570000-2022-08-09-10-36-10-371-Facebook.jpg,0,"a門特CA陳成路然後心神是真的有天Mignonne沒想到全了來了!」津思被RE重Lisa她真的來感動到度WinLee真的像新年倒數6天霞国家320了華,隔壁神經病「又」家盯著電視螢幕「來了嗎?」「來戰機真的天天网我家在我方戰機的航坡下都已經會分辨戰機經過的聲音了行行F10LeoYangMignonneLisoARBR天天登31089140",0.74,1,0,46,0,1,0,0,0,0,2022/8/9 10:36,119,0,0, ,72,"rgba(4,134,219,1)"
U3,1,1660012571000-2022-08-09-10-36-11-371-Facebook.jpg,0,"我一起困結回答他們,,走向世界,①七旬老翁自述和其他1.7個人,更知道台灣「而且我觀察到非常多長行程,簡奮程度簡直像是新年倒數+1發生的事情,台灣不會天真的以為區域和平不發威發,但是也越來越發現,確立自己、妥協中國,並不能因此換得證域的和平;反而我們必須建立自己的防景能力,同林尋求各種可能,和國來社會建立正常關係。我相信國際關係不會在今晚就比劇變,但是,台灣正在一步一步的成為國際社會上,支持民主|自由與人權共同價值的夥伴。中國軍機威脅挑勿台灣已台灣人今晚關注版洛西临經是每天们",0.74,0,0,46,0,1,0,0,0,0,2022/8/9 10:36,120,0,0, ,73,"rgba(4,134,219,1)"
U3,1,1660012572000-2022-08-09-10-36-12-371-Facebook.jpg,0,"由與人權與其價自一起眼睛,走向世界,值的夥伴我台灣正在一步一步的成為國際社|會上,支持民主,◎七旬老拙自该和其炮1.7桶人222期服售,236次分享",0.459285714,0,0,46,0,1,0,0,0,0,2022/8/9 10:36,121,0,0, ,74,"rgba(4,134,219,1)"
U3,1,1660012572000-2022-08-09-10-36-12-371-Facebook.jpg,1,"香港財段時報o4月4日12:006光电路50元搞存息率又破頂熱化,長存【港元定期】启戰白利率又破頂,388天3.28,入最少賺6,973元!《香港财经時報》整合6款港元定期優惠比,查看更多0X",0.280714286,0,0,65,0,0,0,0,0,0,2022/8/9 10:36,122,0,0, ,74,"rgba(135,206,255,1)"
U3,1,1660012573000-2022-08-09-10-36-13-371-Facebook.jpg,0,"港元定期改定期保的调專【港元定期】原装batimes.com.hk白6港元定S長388天3.28舰存息率又破頂入場最少賺6,973元6款定期優惠比較338天達3.23厘,入場最少6073元!香港财经時報》整合6款港元定期便惠比,查看更多0|388天3.2公里,入選最少朋6,973元熱化,長存利率又破頂,14-29家",0.600769231,0,0,65,0,1,0,0,0,0,2022/8/9 10:36,123,0,0, ,75,"rgba(135,206,255,1)"
U3,1,1660012573000-2022-08-09-10-36-13-371-Facebook.jpg,1,"#MerciPourLeSoutienTaiwanenFranceⒸ外交部MinistryofForeignAffairs,x",0.139230769,0,0,67,0,0,0,0,0,0,2022/8/9 10:36,124,0,0, ,75,"rgba(2,22,105,1)"
U3,1,1660012574000-2022-08-09-10-36-14-371-Facebook.jpg,0,"港元定数定期優惠Ona期|386天達3.26星、大田最少勝6973元6款定期優惠比較10則留言,29次分享",0.30956044,0,0,65,0,0,0,0,0,0,2022/8/9 10:36,125,0,0, ,76,"rgba(135,206,255,1)"
U3,1,1660012574000-2022-08-09-10-36-14-371-Facebook.jpg,1,"集全政團etTaiwan策高级由將致力練,加拿大、過行徑,恐悔代表致8月4日13:56*MerciPourLeSoutien#法於不查看更淑外enFranceo必要交多國、德部的情長國外交加MinistryofForeignAffairs,ROC(Taiwan)·追8月4日11:0566月3更中國近日宣布的育学案策與規濟甜的惨威、由義大利、香日本、英國以美國組成的七大工業國(陳G7)外交與安勢升欲盟日發佈聯合聲高明,。各國重指",0.43043956,0,0,67,1,1,0,0,0,0,2022/8/9 10:36,126,0,0, ,76,"rgba(2,22,105,1)"
U3,1,1660012575000-2022-08-09-10-36-15-371-Facebook.jpg,0,,0.038956044,0,0,65,0,0,0,0,0,0,2022/8/9 10:36,127,0,0, ,77,"rgba(135,206,255,1)"
U3,1,1660012575000-2022-08-09-10-36-15-371-Facebook.jpg,1,"器(交憑部據国加拿大、#法國全政策高级代表於8月3發行後,申将致力練,查看更多該不必家外TaiwanenFrance84813560MerciPourLeSoutien交、要外ROC(Taiwan),這8/1411050的德日發情國勢佈聯探堅定支持台海和平穩定!MOTAthanksthe07TelgeMinisterand|HighReprecertatusforthestatentrativingthalecumnistinike出中國近日宣布的實彈演體與經濟爾伯琴成升高屬由日本、英國以及美國組成的七大工業園07)部長MinistryofForeignAffairs,外交部誠摯感謝G7國家及歐盟取一致的行動與欲望外交與、猶大利。各合聲明,指安畫、台",0.701043956,0,0,67,1,1,0,0,0,0,2022/8/9 10:36,128,0,0, ,77,"rgba(2,22,105,1)"
U3,1,1660012576000-2022-08-09-10-36-16-371-Facebook.jpg,0,"级外交部城墊#MerciPourLeSoutien@外交部法國「ROC(Taiwan),挑撥484811058由加拿大、*、日本、英國以及美國000009德國,G7採取一致的行動堅定支持台海和平穩定!SOFAthackstheG7FansignMirictorsandtheiReposeriableHeheressinandHighTeleningthecerienttomlangpeaceandstabilityacresstheTalvasS焦恩(HG7)国家外交部長與欧盟外交與安全政策高代表於8月3日發佈聯合聲明,指出中國近日发布的實彈演習與經濟發纷城成窗行徑,恐增致不必要的情勢升高。各國重申将致力線,查看更多MinistryofForeignAffairs,日家及世間韓大利、非組成的七大工業國",0.74,0,0,67,1,1,0,0,0,0,2022/8/9 10:36,129,0,0, ,78,"rgba(2,22,105,1)"
U3,1,1660012577000-2022-08-09-10-36-17-371-Facebook.jpg,0,"命由加拿根代表於8月大、3日發#法國Ministry、佈聯為基礎的國際秩序,以及台合德國外交部ofAffairs,ROC(Taiwan),玻罐4月6日11056、聲羽,Foreign日本我國以及美國組成的七大工業國集團(HG)籀家外交部長到歐盟外交與安全政策高指出MOFAisgratefultotheG7ForeignMinisters宣布的實彈演色與經濟發迫等成發行權,並添致不必要的情勢升高。各國重申將致力維班以規則穩定,該聲明並呼籲中共勿企圖藉由武力單方面改變區域現狀,應以和平的方式解决两岸分歧。|外交部誠螯说说G7國家及歐盟採取一致的行|動,堅定支持台海和平穩定,並強調台灣最與世界交往,其他國家不應干涉台灣與世界各國的友台灣為印太地區負責任的利密關係者,一向致力維持台海和平現狀。直對持續升高的軍事威脅,我國政府將空定捍衛國家主權與安全,並請際社會持續聲振民主台灣,共同推衛自由民主價值及維國際秩序。鐵大中利、海與其他區域的和平國近日",0.74,0,1,67,1,1,0,0,0,0,2022/8/9 10:36,130,0,0, ,79,"rgba(2,22,105,1)"
U3,1,1660012578000-2022-08-09-10-36-18-371-Facebook.jpg,0,"由本值及體國加拿大、際法國、國組經國、8月4日11:053大MOFAisgratefultotheG7ForeignMinistersandtheHighRepresentativeoftheEuropean英國以及英國成的七工業國(#17)國家外交加長與歐盟外交與安全政策高紐代表於3月3日發佈聯合聲明,指出中國近日宣布的實彈演習與經濟發怕的威脅行徑,恐導致不必要的情勢升高,各國畫中將致力維護以規則為基礎的蒲際秩序,以及台海同其他區域的和平穩定。該聲明並呼蘭中共勿企圖総由武力單方面改變區域現狀,應以和平的方式解决两评分歧,外交G7國家及其照深度一致的行動,堅定支持台海和平穩定,並強調台灣同世:界交往,其他國家不應干涉台灣與世界各固的友台灣為印太地區負責任的利害關係者,一向致力維持台海和平現狀,對陸續升高的軍事成分,我國政府將堅尼捍衛家主權與安全,並籲請際社會將編聲援民主台灣,共同岸南自由民主價時間。Unionforreaffirmingtheircommitmenttomaintainingtherulesbasedinternationalorder李國大利、日集图",0.74,0,1,67,1,1,0,0,0,0,2022/8/9 10:36,131,0,0, ,80,"rgba(2,22,105,1)"
U3,1,1660012579000-2022-08-09-10-36-19-371-Facebook.jpg,0,"為交值及基礎界交往|好互動模代表於部诚台海辦國由加拿大挚和或3G的國際秩序,7、法國平原狀。直以及到家及歐特填明、,升台海與其指他高的國、德國圖大利、相我國以及美國組成的七大工業國集團(WG7)國家外交部長网欧盟外交與安全政策高8月日發佈聯合聲出國近宣布的實彈演習與經濟發迫等成發行徑,恐游致不必要的情勢升高,各國重申將致力維護以規則盟深度一致穩定,該聲明並呼籲中共勿企图还由武力單方面改變區域現狀,應以和平的方式解决用评分歧。外|動,堅定支持台海和平穩定,並強擔台灣麗與世台灣為印太地區負責任的利害關係者,一向致力,維持我國政府將堅定捍衛國家主權與安全,並籲請國際社會持瑞聲援民主台灣,共同維衛自由民主價際時間。MOFAisgratefultotheG7ForeignMinistersandtheHighRepresentativeoftheEuropeanUnion中,其他國家不應干涉台灣與世界各國的友forreaffirmingtheircommitmenttomaintainingtherules-basedinternationalorderaswellaspeaceandstabilityacrossthe軍事的行區域的和平威脅日",0.74,0,1,67,1,1,0,0,0,0,2022/8/9 10:36,132,0,0, ,81,"rgba(2,22,105,1)"
U3,1,1660012580000-2022-08-09-10-36-20-371-Facebook.jpg,0,"由本會持精聲国港社值及經國國際秩序。民主台灣,共同辦衛MOFAisgratefultotheG7ForeignMinistersandtheHighRepresentativeoftheEuropeanUnionforreaffirmingtheircommitmentto(G7)個家外交部長與联盟外交與安全政策高根代表於8月3日發佈聯合聲明,指出中國近日宣布的實彈演箱與經濟發迫等級發行徑,恐術致不必要的情勢升高,各國重申將致力維護以規則為基礎的國際秩序,以及台海與其他區域的和平穩定。該聲明並呼籲中共勿企圖藉由武力單方面改觉區域現狀,應以和平的方式解決兩岸分歧。外交时按迪G7國家及歐盟探取一般的行動,堅定支線台海和平穩定,並強調台灣賴與世|界交往,其他國家不應干涉台灣與世界各國的友好互動。法國#德國、美大利、日加拿大组成的七大工業國集團我國以及美國台灣為印太地區負責任的利器關係者,一向致力維持台海和平現狀。血對持續升高的軍事威脅,我國政府將堅定控衛國家主權與安全,並請自由民主價maintainingtherules-basedinternationalorderaswellaspeaceandstabilityacrosstheTaiwanStraitandbeyond.",0.74,0,1,67,1,1,0,0,0,0,2022/8/9 10:36,133,0,0, ,82,"rgba(2,22,105,1)"
U3,1,1660012581000-2022-08-09-10-36-21-371-Facebook.jpg,0,"本國以及#國組成的七大工業國集團(G7)国家外交部長腿欧盟外交與安全政策高股代表於3月3日發佈聯合聲明,指出中國近日布的宽彈演習與經濟發迫等成發行徑,恐避致不必要的情扬升高,各國重申將致力維護以規則為基礎的國際秩席,以及台海與其他馬域的和平穩定。該聲明並呼籲中共勿企圖超由武力單方面改變區域現狀,應以和平的方式解決購率分歧。|外交部诚挚统胞G7國家及欧盟采取一致的行動,堅定支持台海和平穩定,並強調台灣景與世界交往,其他國家不應干涉台灣與世界各國的友台灣為印太地區負責任的利害關係者,一向致力維持台海和平現狀。而對特填升高的軍事威脅。我國政府將堅定捍衛國家主權與安全,並籲請國港社會持續聲援民主台灣,共同捍衛自由民主價值及經國國際秩序,Unionforreaffirmingtheircommitmenttomaintainingtherules-basedinternationalorderaswellaspeaceandstabilityacrosstheTaiwanStraitandbeyond.otheG71MinistersmentativeoftheEuropean",0.74,0,1,67,1,1,0,0,0,0,2022/8/9 10:36,134,0,0, ,83,"rgba(2,22,105,1)"
U3,1,1660012582000-2022-08-09-10-36-22-371-Facebook.jpg,0,"穩定。改變遥海城和現狀,勢升高,英國應以和平各國重的申將七致力的方式解决两維度本页圈以及组成大工出國團(#G7)國家外交加長與歌外交與安全政策高股代表於8月3日發佈聯合聲明,指出中國近日:宣布的實彈演習與經濟發油等成發行徑,恐瞬致以規則不必要的情為基础的风際秩用,以及台海與其他區域的和平外交部城聚成施G7國家及歌盟探取一致的行動,堅定支祥台海和平穩定,並強調台灣麗與世界交往,其他國家不應干涉台灣與世界各國的友好互動。該聲明並呼籲中共勿企国慈由武力單方面台灣為印太地區負責任的利害關係者,一向致力維持台平現狀,曾對待續升高的軍事威勁。MOFAisgratefultotheG7ForeignMinistersandtheHighRepresentativeoftheEuropeanUnionforreaffirmingtheircommitmentto我國政府將整出禅南國家主權與安全,並顧↑園港社會持續聲援民主台灣,共同捍衛自由民主價值及經展國際秩序。maintainingtherules-basedinternationalorderaswellaspeaceandstabilityacrosstheTaiwanStraitandbeyond.集岸分歧。",0.74,0,1,67,1,1,0,0,0,0,2022/8/9 10:36,135,0,0, ,84,"rgba(2,22,105,1)"
U3,1,1660012584000-2022-08-09-10-36-24-371-Facebook.jpg,0,"外值交及博部保aswelasellasTaiwan聆池凯旋G7共ppeaceandStraitandbeyond.里家取一般(WG7)國家外交加長與联盟外交與安全政策高紐代表於3月3日發佈聯合聲明,指出中國近日宣布的實彈演習與經濟發由等威脅行徑,恐爆致不必要的情勢升高,各國重申將致力維護以規則:為基礎的國際秩序,以及台海與其他區域的和平穩定。該聲明並呼静中勿企圖藉由武力單方改變區域現狀,應以和平的方式解决两岸分歧,米及,堅定支持台海和平穩定,並確講台灣類與世界交往,其他國家不應干涉台灣肉世界各國的友好互動。台灣為印太地區負責任的利害關係者,一向致力維持台海和平現狀。面對符續升高的軍事威爾。我國政府將要出捍衡國家主權與安全,並罰功圆來社會將線聲援民主台灣,共同捍衛自由民主價配件庫。MOFAisgratefultotheG7ForeignMinistersandtheHighRepresentativeoftheEuropeanUnionforreaffirmingtheircommitmenttomaintainingtherules-basedinternationalorderstabilityacrosstheThestatementexpressedconcernforthe的行面",0.74,0,1,67,1,1,0,0,0,0,2022/8/9 10:36,136,0,0, ,85,"rgba(2,22,105,1)"
U3,1,1660012585000-2022-08-09-10-36-25-371-Facebook.jpg,0,"要的界交往,好互動。US情其他勢升國高,家不各應國重干涉申台將灣同世致力維界unionforreaffingtheircommitmentmaintainingtherules-besedaswellaspeaceandstabilityacrosstheTaiwanStraitandbeyond.護宣布的實彈演習問經濟發伯等成發行徑,恐導致不必為基础的國際秩序,以及台海與其他區域的和平MOFAisgratefultotheG7ForeignMinistersandtheHighRepresentativeoftheEuropean各國穩定。該聲明並時關申請勿需由武力單方面改變區域現狀,應以和平的方式解决兩際分歧,外交部城草G7家及核里深取一致的行動,堅定支持台海和平穩定,並強調台灣展與世ThestatementexpressedconcernfortheescalatoryresponsetotheroutinedelegationledbyHouseSpeakerPelositoTaiwan.台灣為印太地區負責任的利害關係者,一向致力維持台海和平現狀。實對待線升高的軍事威脅。我國政府將堅定推衛國家主權與安全,並餘請济社會持續聲援民主台灣,共同捍衛自由民主價值及媒撥國際秩序。的以規則internationalorder友",0.74,0,1,67,1,1,0,0,0,0,2022/8/9 10:36,137,0,0, ,86,"rgba(2,22,105,1)"
U3,1,1660012586000-2022-08-09-10-36-26-371-Facebook.jpg,0,"好互動。界交往,持續聲其他ThestatementescalatoryledbyUSstating援國辦社會值及綠洲國際秩序。民主USHousethatthevisit家不台應灣,干涉共台expressedresponsetotheOneKSpeakerPelosishould灣同concernroutinetonotbe與世岸衛界自由各不必要的情颇升高,各國重申將致力維據以規則為基礎的國際秩序,以及台海與其他區域的和平穩定,該聲明並呼籲中共勿企湖越由武力量方面改變及城現狀,應以和平的方式解決兩岸分歧。外交的其螯ENG7國家及歐盟采取一致的行動,堅定支輝台海和平穩定,並強調台灣願與世|台灣為印太地區負責任的利害關係者,一同致力維持台海和平現狀。對特權升高的軍事成份,我國政府將堅定捍衛國家主權與安全,並翻绣团MOFAisgratefultotheG7ForeignMinistersandtheHighRepresentativeoftheEuropeanUnionforreaffirmingtheircommitmenttomaintainingtherules-basedinternationalorderaswellaspeaceandstabilityacrosstheTaiwanStraitandbeyond.國的友民主價forthedelegationTaiwan,usedasa",0.74,0,1,67,1,1,0,0,0,0,2022/8/9 10:36,138,0,0, ,87,"rgba(2,22,105,1)"
U3,1,1660012587000-2022-08-09-10-36-27-371-Facebook.jpg,0,"|外交部城摯成廉G7國家及核盟深取一败的行動,堅定支持台海和平穩定,並強調台灣最與世界交往,其他國家不應干涉台灣與世界各國的友报互動。不必要的情勢升高,各國重申將致力維護以規則為基礎的國際秩序,以及台海與其他區域的和平穩定。該聲明並呼蘭中共勿企圖藉由武力革方面改變區域現狀,應以和平的方式解决两岸分歧。台灣為印太地區負責任的利害關係者,一向致力維持台海和平現狀。面對擋線升高的軍事威勁。我國政府將坚泡捍衛國家主權與安全,並蘇請園辦社會持溫聲援民主台灣,共同捍衛自由民主價值及緯報國際秩序。MOFAisgratefultotheG7ForeignMinistersandtheHighRepresentativeoftheEuropeanUnionforreaffirmingtheircommitmenttomaintainingtherules-basedinternationalorderaswellaspeaceandstabilityacrosstheTaiwanStraitandbeyond.ThestatementexpressedconcernfortheescalatoryresponsetotheroutinedelegationledbyUsHouseSpeakerPelositoTaiwan,statingthatthevisitshouldnotbeusedaspretextforaggressivemileanessivemilitaryactivityinthe",0.74,0,1,67,1,1,0,0,0,0,2022/8/9 10:36,139,0,0, ,88,"rgba(2,22,105,1)"
U3,1,1660012588000-2022-08-09-10-36-28-371-Facebook.jpg,0,"|外交部城螯或NG7國家及歐盟採取一致的行動,堅定支持台海和平穩定,並強舞台湾類與世界交往,其他國家不應干涉台灣與世界各國的友好互動。台灣為印太地區負責任的利害關係者,一向致力維持台海和平現狀。直到經域升高的軍事威能,我國政府將堅定韓衛國家主權與安全,並請際社會持議聲援民主台灣,共同捍衛自由民主價值及經護國際秩序。MOFAisgratefultotheG7ForeigntheHighRepresentativeoftheEuropeanUnionforreaffirmingtheircommitmenttomaintainingtherules-basedinternationalorderaswellaspeaceandstabilityacrosstheTaiwanStraitandbeyond.ThestatementexpressedconcernfortheescalatoryresponsetotheroutinedelegationledbyUSHouseSpeakerPelositoTaiwan,statingthatthevisitshouldnotbeusedasapretextforaggressivemilitaryactivityintheTaiwanStrait,norforeconomiccoercion.",0.74,0,1,67,1,1,0,0,0,0,2022/8/9 10:36,140,0,0, ,89,"rgba(2,22,105,1)"
U3,1,1660012589000-2022-08-09-10-36-29-371-Facebook.jpg,0,"|外交部城染成嫌G7國家及核能探取一致的行動,堅定支持台海和平穩定,並強調台灣羅因世界交往,其他國家不應干涉台灣與世界各國的友不必要的情勢升高,各國重中將致力維護以規則為基礎的國際秩序,以及台海與其他區域的和平穩定,該聲明呼請中共勿企圖藉由武力單方面改變區域現狀,應以和平的方式解決兩岸分歧,互好台灣為印太地區負責任的利害關係者,一間致力維持台海和平現狀,對防坡升高的軍事威鎊。我國政府將堅定捍衛國家主權與安全,並辭請關聚社會持續聲援民主台灣,共同學術自由民主價MOFAisgratefultotheG7ForeignMinistersandtheHighRepresentativeoftheEuropeanUnionforreaffirmingtheircommitmenttomaintainingtherulesbasedinternationalorderaswellaspeaceandstabilityacrosstheTaiwanStraitandbeyond.ThestatementexpressedconcernfortheescalatoryresponsetotheroutinedelegationledbyUSHouseSpeakerPelositoTaiwan,statingthatthevisitshouldnotbeusedasapretextforaggressivemilitaryactivityintheTaiwanStrait,norforeconomiccoercion.動。",0.74,0,1,67,1,1,0,0,0,0,2022/8/9 10:36,141,0,0, ,90,"rgba(2,22,105,1)"
U3,1,1660012590000-2022-08-09-10-36-30-371-Facebook.jpg,0,"ThestatementexpressedconcernfortheescalatoryresponsetotheroutinedelegationledbyisHouseSpeakerPelositoTaiwan,statingthatthevisitshouldnotbeusedasapretextforaggressivemilitaryactivityintheTaiwanStrait,norforeconomiccoercion.AsaresponsiblestakeholderintheIndo-Pacificregiot,TaiwiniscommmedtomaintainingthestatusquoacrosstheTaiwanStrait,Inthefaceoftheescalatingmilitarythreatweface,TaiwanwillcontinuetosafeguardoursovereigntyandsecurityandwecallontheinternationalcommunitytosupportdemocraticTaiwanandworkwithustoandthepreserveoursharedvaluesinternationalorder.外交部誠摯感謝G7採取一致的行動堅定支持台海和平穩定!SOFAthankstheG7Ferget—TelevingthercerEpeaceandstibilityaccestheTaiwanSonit國家及歐盟andTel:",0.74,0,1,67,1,1,0,0,0,0,2022/8/9 10:36,142,0,0, ,91,"rgba(2,22,105,1)"
U3,1,1660012591000-2022-08-09-10-36-31-371-Facebook.jpg,0,OrONnatsItGring?台妹为爱画研人和其他1至人產相關家HighRepresetsfortheirstatreateringthercuristilablepeaceandabilityacrosstheTalas01919450外交部誠摯感謝G7國家及歐盟探取一致的行動堅定支持台MOFAthankstheGTFavoign组致仿我刚强制鹿44076543866由一67合增歌E7查看其他24則回服羊與奇怪生通刚交稿了但不要這樣一次士Suissem物海·這和平穩定!MiristorsandtheDU段ELLE,0.74,0,1,67,1,1,0,0,0,0,2022/8/9 10:36,143,0,0, ,92,"rgba(2,22,105,1)"
U3,1,1660012592000-2022-08-09-10-36-32-371-Facebook.jpg,0,ARTN奇29588996出OshaosinGoing?白味为最她過人和其他派人SOFAthicksthaOFFengnMoistionandthetHessesstothesalestTeateringthecernitunitamirakkdpeaceandstabilityacrosstheTalvesStat物·迅段猛然我刚刚交易了但不要这样一次七金明园天梁星4400的小老儿出一倍07合鳍狀结爬了查看其他24則因關部誠摯採取一致的行動。堅定支和平持台海穩定生!K,0.74,0,1,67,0,1,0,0,0,0,2022/8/9 10:36,144,0,0, ,93,"rgba(2,22,105,1)"
U3,1,1660012593000-2022-08-09-10-36-33-371-Facebook.jpg,0,200308带专用KELLETTHITEONhanisinGoing台味为最期局人和其他1萬人相關。溫度M煎羊與奇怪生物·雖然我刚刚交稿了但不要這樣一次士外交部誠摯感謝G7國家及歐盟採取一致的行動堅定支持台海和平穩定!SOFAthackstheG7FanslanModelionandi|HighkeposersitethestatendthalecemendinitualvingabilityastheTavanStatrmalleringpeaceand天票回数44002,0.74,0,1,67,1,1,0,0,0,0,2022/8/9 10:36,145,0,0, ,94,"rgba(2,22,105,1)"
U3,1,1660012594000-2022-08-09-10-36-34-371-Facebook.jpg,0,"MBIN奇怪生高潮時ONhaosInGoing?台味为最她個人和其他1闖入相關家外交部誠摯感謝G7國家及歐盟採取一致的行動堅定支持台海和平担定!ISOFAthackstheOPFooolgnMoisorsandtheHighpreserorheshandPeterningthercondientaiwangpeaceandabilityacrosstheTalvaSa01010物显然我刚刚交稿了但不要这样一次七盛有关,这段STELLToHit版",0.74,0,1,67,1,1,0,0,0,0,2022/8/9 10:36,146,0,0, ,95,"rgba(2,22,105,1)"
U3,1,1660012595000-2022-08-09-10-36-35-371-Facebook.jpg,0,"出#MerciPourLaSoutien◎外交部MinistryofForeignAffairs,(ROC(Taiwan)西。追豫484811:05由加拿大、法國、德國本、英國以及日、義大利、希美國紐成的七大工業國康盟(G7)國家外交部長與欲望外交與安全政策高级代表於8月3日發佈聯合聲明,指近日宣布的實彈演習與經濟發日報成窗行徑,恐嚇致不必要的情勢升高,各國衝中将致力緣,查看更多中國外交部誠摯感謝G7國家及歐盟採取一致的行動堅定支持台海和平穩MOFAthanksthe07FeigeMinistersandtheUHighRepossibleHehestdmafingtheircomomag定praceandstibilityacreenheTalenSout2020$49!",0.74,0,0,67,1,1,0,0,0,0,2022/8/9 10:36,147,0,0, ,96,"rgba(2,22,105,1)"
U3,1,1660012596000-2022-08-09-10-36-36-371-Facebook.jpg,0,"Or01900採外交部誠摯感謝G7國家及歐盟取一致的行動定支持台海和平穩定MOFAthanktheG7FereignMinistersandthe|HighRepreserallestothesestatewindreleningthecorning堅!priceandstublityacrosstheTaiwanScretTSHINE18閣言,1次分享",0.558186813,0,0,67,1,1,0,0,0,0,2022/8/9 10:36,148,0,0, ,97,"rgba(2,22,105,1)"
U3,1,1660012596000-2022-08-09-10-36-36-371-Facebook.jpg,1,"港版理股8月4日12:43台灣百(節錄)在中共國宣布大規模實彈軍演,以及禁止家食品席输入之後,台灣內部用例一定會對「為什麼要蒐怒共產篇」、「張洛西為什麼要,西鎮正是中共想要的。這個個台灣民心分裝包灣的原結,最好讓台灣人陷入互相指责的窘境;但這fnewe5.與封橋",0.181813187,0,0,72,0,0,0,0,0,0,2022/8/9 10:36,149,0,0, ,97,"rgba(87,226,255,1)"
U3,1,1660012597000-2022-08-09-10-36-37-371-Facebook.jpg,0,"西湖333333OT見烟霞,1次分LIPKE",0.266978022,0,0,67,0,0,0,0,0,0,2022/8/9 10:36,150,0,0, ,98,"rgba(2,22,105,1)"
U3,1,1660012597000-2022-08-09-10-36-37-371-Facebook.jpg,1,"來越|跟搭胜402:43:0閱县)在中共國宣布大規模實彈軍演,以及禁止。台灣百家食品廠輸入之後,台灣內部潤例一定會有「為什麼要惹怒共產篇」、「豪咨西為什麼要來」的耳語與討論,而這正是中共想要的。這個政极不僅要籍此成情台灣民心,還想分裂台灣的按站,最好讓台灣人陷入互相指責的窘境:你越問:「紅線在哪裡?」「,查看更多多人自",0.473021978,0,0,72,0,1,0,0,0,0,2022/8/9 10:36,151,0,0, ,98,"rgba(87,226,255,1)"
U3,1,1660012598000-2022-08-09-10-36-38-371-Facebook.jpg,0,"陳嘉宏專欄:別讓共產常替我們到叮線上帽劃世代,即分度DR型",0.261483516,0,0,72,0,0,0,0,0,0,2022/8/9 10:36,152,0,0, ,99,"rgba(87,226,255,1)"
U3,1,1660012598000-2022-08-09-10-36-38-371-Facebook.jpg,1,"OFWHE其他23万人2014年19歲青港的核首登奧運舞台的場景相信大家應該還記得吧#明晚8點2014索契冬奥精彩圆鎖,查看更多|愛爾達體育家族。81410-0",0.478516484,0,0,75,1,1,0,0,0,0,2022/8/9 10:36,153,0,0, ,99,"rgba(2,22,105,1)"
U3,1,1660012599000-2022-08-09-10-36-39-371-Facebook.jpg,0,黃克密專線:保產片取牌數訂線上時川西-61次分版,0.232637363,0,0,72,0,0,0,0,0,0,2022/8/9 10:36,154,0,0, ,100,"rgba(87,226,255,1)"
U3,1,1660012599000-2022-08-09-10-36-39-371-Facebook.jpg,1,"②聆糟评锁育家限1400-02014年19歲肉湖的精首發奧#明晚8008GWa和其他237人O20點-108相信大家應該還記得吧運舞台的場景14波契冬園精彩国顧,查看更多x",0.507362637,0,0,75,0,1,0,0,0,0,2022/8/9 10:36,155,0,0, ,100,"rgba(2,22,105,1)"
U3,1,1660012600000-2022-08-09-10-36-40-371-Facebook.jpg,0,pneda.ing陳嘉宏專程:別讓共產廠替我們劃紅線~上班-12分小别雷吉酒,0.232637363,0,0,72,0,0,0,0,0,0,2022/8/9 10:36,156,0,0, ,101,"rgba(87,226,255,1)"
U3,1,1660012600000-2022-08-09-10-36-40-371-Facebook.jpg,1,"ODSSRWIT其他237人Or81400-0安田涂體育家族2014年19歲出港的精子首登奧運舞台的場景相信大家應該還記得吧|#明晚8點2014索契冬奧精彩回顧,查看更多要買另一个晚上规格onBelle说4湖園露,1次分享的家x",0.507362637,0,0,75,0,1,0,0,0,0,2022/8/9 10:36,157,0,0, ,101,"rgba(2,22,105,1)"
U3,1,1660012601000-2022-08-09-10-36-41-371-Facebook.jpg,0,的理,0.065054945,0,0,72,0,0,0,0,0,0,2022/8/9 10:36,158,0,0, ,102,"rgba(87,226,255,1)"
U3,1,1660012601000-2022-08-09-10-36-41-371-Facebook.jpg,1,"--B/8-8/16每晚8點#羽生俱來的破冰者,羽生結弦體鎖定#愛用途育3台DBRWWW5和其他237人好消2014年19歲青澀的柱子首登奧運舞台的場景相信大家應該還記得吧#时投8期2014索契冬奥精彩回顧一定要看哦!夏爾達體育家族卷140a峨雷吉-12家的行家",0.674945055,0,0,75,0,1,0,0,0,0,2022/8/9 10:36,159,0,0, ,102,"rgba(2,22,105,1)"
U3,1,1660012602000-2022-08-09-10-36-42-371-Facebook.jpg,0,,0.063681319,0,0,72,0,0,0,0,0,0,2022/8/9 10:36,160,0,0, ,103,"rgba(87,226,255,1)"
U3,1,1660012602000-2022-08-09-10-36-42-371-Facebook.jpg,1,"一定要8/9-8/16每晚8點#羽生俱来的破冰者,羽生結弦協定金連體商3台:2014年19歲青港的柱列首登奧運舞台的場景相信大家應該選記得吧a明晚8點2014契冬奧精彩回顧看ONGWHAT其他237人4伊雷吉·1次分享Oa潮饿1400達體育家族委",0.676318681,0,0,75,0,1,0,0,0,0,2022/8/9 10:36,161,0,0, ,103,"rgba(2,22,105,1)"
U3,1,1660012603000-2022-08-09-10-36-43-371-Facebook.jpg,0,,0.045824176,0,0,72,0,0,0,0,0,0,2022/8/9 10:36,162,0,0, ,104,"rgba(87,226,255,1)"
U3,1,1660012603000-2022-08-09-10-36-43-371-Facebook.jpg,1,"靴烟涂體育家族卷2014年19歲青涩的柱子週日11000登大首奧運舞台的場景相信#明晚8點2014索契冬奧一定要看哦!|39-8/16每股8后,单夠生來的破者羽生請按鎖定#愛爾連體育3台俱冰%WT其他237人COM2017精彩回顧水家應坡還記得吧45-1298的分级",0.694175824,0,0,75,0,1,0,0,0,0,2022/8/9 10:36,163,0,0, ,104,"rgba(2,22,105,1)"
U3,1,1660012604000-2022-08-09-10-36-44-371-Facebook.jpg,0,,0.004615385,0,0,75,0,0,0,0,0,0,2022/8/9 10:36,164,0,0, ,105,"rgba(2,22,105,1)"
U3,1,1660012604000-2022-08-09-10-36-44-371-Facebook.jpg,1,"鎖定#羽生俱8/8-8/16每*险BERDS鱼;Woma和其他233人On14000于网速时音家族o年19歲青混的柱子!首登奧運舞台的場景相信大家應該酒記得地#明晚8點2014索契冬奥精彩回顾2014一定要看哦!來的破定晚贴體育冰者,羽生結弦3台x",0.701923077,0,0,75,0,1,0,0,0,0,2022/8/9 10:36,165,0,0, ,105,"rgba(2,22,105,1)"
U3,1,1660012604000-2022-08-09-10-36-44-371-Facebook.jpg,2,②避版角湖酒,0.033461538,0,0,82,0,0,0,0,0,0,2022/8/9 10:36,166,0,0, ,105,"rgba(46, 180, 237,1)"
U3,1,1660012605000-2022-08-09-10-36-45-371-Facebook.jpg,0,"8/8-8/1610晚期#羽生俱來的破最定愛爾達體育3台8/81-19862014年19歲青澀的柱刊首登奧運舞台的場景相信大家應统遠記得申明晚8點2014索契冬奧精彩回顾片WHs和其他23人4民留言。1次分享冰者,羽生結弦",0.606263736,0,0,75,0,1,0,0,0,0,2022/8/9 10:36,167,0,0, ,106,"rgba(2,22,105,1)"
U3,1,1660012605000-2022-08-09-10-36-45-371-Facebook.jpg,1,遊戲角落卷20歧法也花了1.5小时后更胎港原告在浪费大家(淡84000+動視暴雪:10x,0.133736264,0,0,82,1,0,0,0,0,0,2022/8/9 10:36,168,0,0, ,106,"rgba(46, 180, 237,1)"
U3,1,1660012606000-2022-08-09-10-36-46-371-Facebook.jpg,0,"DV-6|楼ELEMEN00886Woma和其他233人8/8-8/16#羽生俱來的破冰者,羽生結弦最定*礙取途體网3台一定要看哦!每上传热晚8點战型离,1次分支",0.538956044,0,0,75,0,1,0,0,0,0,2022/8/9 10:36,169,0,0, ,107,"rgba(2,22,105,1)"
U3,1,1660012606000-2022-08-09-10-36-46-371-Facebook.jpg,1,法遊戲角落西100官假途花了1.5小時玩遊戲驗證原告在浪费大家#000刻v慾梘暴S#決勝時E,0.201043956,0,0,82,1,0,0,0,0,0,2022/8/9 10:36,170,0,0, ,107,"rgba(46, 180, 237,1)"
U3,1,1660012607000-2022-08-09-10-36-47-371-Facebook.jpg,0,淡路時刻000#動視系出game.udn.com動視暴露宿壓捷報!法官判比原告《決顾時刻》貼不精彩不搞多起静失败描侧顶提tlul避踫動騰40824視雷西-5次分半,0.512857143,0,0,82,1,1,0,0,0,0,2022/8/9 10:36,171,0,0, ,108,"rgba(46, 180, 237,1)"
U3,1,1660012607000-2022-08-09-10-36-47-371-Facebook.jpg,1,"「全新「快88130016SepTechnews科技創酸西Al葉」電戰笑税透過能力更新和應變橘移學習開放架構,將可大幅提升美軍電要這度!查看更多怒小x",0.227142857,0,0,87,0,0,0,0,0,0,2022/8/9 10:36,172,0,0, ,108,"rgba(64, 187, 213,1)"
U3,1,1660012608000-2022-08-09-10-36-48-371-Facebook.jpg,0,时,0.095274725,0,0,82,0,0,0,0,0,0,2022/8/9 10:36,173,0,0, ,109,"rgba(46, 180, 237,1)"
U3,1,1660012608000-2022-08-09-10-36-48-371-Facebook.jpg,1,"Ⓒ495的流salTechnews科技新報券擔日13:006全新「憤怒小兒」電戰英紗透過機構,將可大幅提升美軍電破能力更新和离差器學習開玫架速度:由看更多Sectrews.tw「視怒小麵」测试成功,並單張新電子戰莫性具備杭特學習能力11則留言-22次分享",0.638736264,0,0,87,1,1,0,0,0,0,2022/8/9 10:36,174,0,0, ,109,"rgba(64, 187, 213,1)"
U3,1,1660012608000-2022-08-09-10-36-48-371-Facebook.jpg,2,,0.005989011,0,0,89,0,0,0,0,0,0,2022/8/9 10:36,175,0,0, ,109,"rgba(135,206,255,1)"
U3,1,1660012609000-2022-08-09-10-36-49-371-Facebook.jpg,0,"chnewsbe「憤怒小橘冰學習能力留」測試成功,美軍最新電子戰莫除具備O11勤家昌-229度",0.253241758,0,0,87,1,0,0,0,0,0,2022/8/9 10:36,176,0,0, ,110,"rgba(64, 187, 213,1)"
U3,1,1660012609000-2022-08-09-10-36-49-371-Facebook.jpg,1,"0784#U12世界盃G***H#美國再次展現兇猛的攻擊火力冠軍戰中梅爾卡多炸|爱丽速體育家族委814350少相錦標賽裂開器,查看更多2則留言~4次分享-28起次第實x",0.486758242,0,0,90,0,1,0,0,0,0,2022/8/9 10:36,177,0,0, ,110,"rgba(46, 180, 237,1)"
U3,1,1660012610000-2022-08-09-10-36-50-371-Facebook.jpg,0,機器495學習炮力Dua11月奮ⓐ×22次分家A分型,0.188681319,0,0,87,1,0,0,0,0,0,2022/8/9 10:36,178,0,0, ,111,"rgba(64, 187, 213,1)"
U3,1,1660012610000-2022-08-09-10-36-50-371-Facebook.jpg,1,"0724ⒽABUTEU12世界☆美國再次展現免猛的攻擊火力,冠軍戰中梅爾卡多炸制制|毀爾達體育家族要少林錦標要**2同國家,4次升市。21年間露典,而若更多CINGX",0.551318681,0,0,90,0,1,0,0,0,0,2022/8/9 10:36,179,0,0, ,111,"rgba(46, 180, 237,1)"
U3,1,1660012611000-2022-08-09-10-36-51-371-Facebook.jpg,0,"|U12世界亚少棒錦標赛a簽象再次展脱兑猛的攻擊火力查看更多冠軍戰中梅爾卡多炸湖件-F201預言,4次升車,21再次妻露我",0.478516484,0,0,90,0,1,0,0,0,0,2022/8/9 10:36,180,0,0, ,112,"rgba(46, 180, 237,1)"
U3,1,1660012611000-2022-08-09-10-36-51-371-Facebook.jpg,1,"TechOrange科技報橘、S31666長期以來,車廠不了解晶片產供應领運作方式,不願意分擔成本與承擔風險,疫情期間晶片車延宕出貨,車廠高層管离,查看更多:大缺,新i",0.261483516,0,0,94,1,0,0,0,0,0,2022/8/9 10:36,181,0,0, ,112,"rgba(4,134,219,1)"
U3,1,1660012612000-2022-08-09-10-36-52-371-Facebook.jpg,0,"高潮2月日言,4次升單,24次莫辣",0.176318681,0,0,90,0,0,0,0,0,0,2022/8/9 10:36,182,0,0, ,113,"rgba(46, 180, 237,1)"
U3,1,1660012612000-2022-08-09-10-36-52-371-Facebook.jpg,1,"OTeciang:|曾有車南离落致電总时25片品言!台核電魏哲家:難怪你得不到支援(TechOrange科技相橘0報橘850536TOTechOrange科技長期以來,車廠不了解晶片產業供應领播作方式,不知商分機成本與承擔風險,疫情期間晶片廠商層管肉,查看更多|大块,新車延岩出貨,東科发现比x*",0.563681319,0,0,94,1,1,0,0,0,0,2022/8/9 10:36,183,0,0, ,113,"rgba(4,134,219,1)"
U3,1,1660012613000-2022-08-09-10-36-53-371-Facebook.jpg,0,曾有車府高效電绝对5萬易買!台積岩牌的家:難怪你得不到支援|TechOrange科技目嶙13歲烟霞。8次分享,0.374120879,0,0,94,1,1,0,0,0,0,2022/8/9 10:36,184,0,0, ,114,"rgba(4,134,219,1)"
U3,1,1660012613000-2022-08-09-10-36-53-371-Facebook.jpg,1,報870330setTechnews科技新能力?特斯拉可能遭加州政府禁售或挞新新售許可。而過度宣傳自動駕駛*自動駕駛#特斯拉oi,0.365879121,0,0,98,0,0,0,0,0,0,2022/8/9 10:36,185,0,0, ,114,"rgba(46, 180, 237,1)"
U3,1,1660012614000-2022-08-09-10-36-54-371-Facebook.jpg,0,"LOWS41禁售或撤鎖銷售許可。at駕駛術位加州車畅管理局控訴特斯拉,不當宣傳白和駕駛能口腔7影版吉,172分享",0.549945055,0,0,98,0,1,0,0,0,0,2022/8/9 10:36,186,0,0, ,115,"rgba(46, 180, 237,1)"
U3,1,1660012614000-2022-08-09-10-36-54-371-Facebook.jpg,1,mx0,0.190054945,0,0,100,0,0,0,0,0,0,2022/8/9 10:36,187,0,0, ,115,"rgba(5,61,180,1)"
U3,1,1660012615000-2022-08-09-10-36-55-371-Facebook.jpg,0,"OFS41加州車杨管理局挫折特斯拉,不當宣傳自動駕駛能Ons471-1229",0.320549451,0,0,98,0,0,0,0,0,0,2022/8/9 10:36,188,0,0, ,116,"rgba(46, 180, 237,1)"
U3,1,1660012615000-2022-08-09-10-36-55-371-Facebook.jpg,1,"科陳家造學家成功恢復死豬胞與器官,改寫死亡定義為「可逆转的生物過程」,TheNewsLens酸辣评細mx(",0.419450549,0,0,100,1,1,0,0,0,0,2022/8/9 10:36,189,0,0, ,116,"rgba(5,61,180,1)"
U3,1,1660012616000-2022-08-09-10-36-56-371-Facebook.jpg,0,"OFS41加州車顿管理局拉近特斯拉,不當宣傳自動駕駛能Oa47則¥吉-12次分享",0.306813187,0,0,98,0,0,0,0,0,0,2022/8/9 10:36,190,0,0, ,117,"rgba(46, 180, 237,1)"
U3,1,1660012616000-2022-08-09-10-36-56-371-Facebook.jpg,1,"therealer.com科學家成功饭很「可逆轉的生物Wats5分鐘龍卷花豬紐約與器官,改寫死亡定義為TheNewsLens關远程」-健評AX",0.433186813,0,0,100,1,1,0,0,0,0,2022/8/9 10:36,191,0,0, ,117,"rgba(5,61,180,1)"
U3,1,1660012617000-2022-08-09-10-36-57-371-Facebook.jpg,0,"0541调echnews.w預美意接管理局標姨將案松,不當宣傳自動駕駛能Our4788-129",0.258736264,0,0,98,0,0,0,0,0,0,2022/8/9 10:36,192,0,0, ,118,"rgba(46, 180, 237,1)"
U3,1,1660012617000-2022-08-09-10-36-57-371-Facebook.jpg,1,"陳家路5分機廠thenewsles.com科學家成功恢復光緒能於與器官,改寫死亡「可定棒的生物過程),TheNewsLeniM翻譯水定始在ox",0.481263736,0,0,100,1,1,0,0,0,0,2022/8/9 10:36,193,0,0, ,118,"rgba(5,61,180,1)"
U3,1,1660012618000-2022-08-09-10-36-58-371-Facebook.jpg,0,"TOWS4T加州車輪倪理层楼新勢能拉,不當宣傳自動駕駛社Ou2則留言,分享",0.258736264,0,0,98,0,0,0,0,0,0,2022/8/9 10:36,194,0,0, ,119,"rgba(46, 180, 237,1)"
U3,1,1660012618000-2022-08-09-10-36-58-371-Facebook.jpg,1,"5分機用科學家成功機金花材妮的鼻器官,改寫死亡定義為「可逆轉的生物過程」(TheNewsLens關8",0.481263736,0,0,100,1,1,0,0,0,0,2022/8/9 10:36,195,0,0, ,119,"rgba(5,61,180,1)"
U3,1,1660012619000-2022-08-09-10-36-59-371-Facebook.jpg,0,,0.74,0,1,100,1,1,0,0,0,0,2022/8/9 10:36,196,0,0, ,120,"rgba(5,61,180,1)"
U3,1,1660012620000-2022-08-09-10-37-00-371-Facebook.jpg,0,,0.74,0,1,100,1,1,0,0,0,0,2022/8/9 10:37,197,0,0, ,121,"rgba(5,61,180,1)"
U3,1,1660012622000-2022-08-09-10-37-02-371-Facebook.jpg,0,|海南菜台新闻局最影文章BBCNewsTheNewsLens摘酸续让下附能政治與政策全球行|沖通起霜50週年|開機副S系科孢日本版Edishedition,0.74,0,1,100,1,1,0,0,0,0,2022/8/9 10:37,198,0,0, ,122,"rgba(5,61,180,1)"
U3,1,1660012623000-2022-08-09-10-37-03-371-Facebook.jpg,0,|东南菜最新预期ME(日本版Englishistion但TheNewsLensmasaE。BBCNews中文政治與政策沟通至200年础和楼在下民法保怡青说家全球行E,0.74,0,1,100,1,1,0,0,0,0,2022/8/9 10:37,199,0,0, ,123,"rgba(5,61,180,1)"
U3,1,1660012624000-2022-08-09-10-37-04-371-Facebook.jpg,0,QTheNewsLens品即文章BRCNews文政治與政策|烏克蘭最新预期|*RARANS徐和续往下罚决HasEdishEditionOSILV=,0.74,0,1,100,1,1,0,0,0,0,2022/8/9 10:37,200,0,0, ,124,"rgba(5,61,180,1)"
U3,1,1660012626000-2022-08-09-10-37-06-371-Facebook.jpg,0,"&作者BA中央通报社(CentralNewsAgency)2022/08/05,4科學家成功恢復死豬紐約與器官,改難死亡定義為「可逆轉的生物過程」■收藏本文",0.74,0,1,100,1,1,0,0,0,0,2022/8/9 10:37,201,0,0, ,125,"rgba(5,61,180,1)"
U3,1,1660012627000-2022-08-09-10-37-07-371-Facebook.jpg,0,"斯AI打野作者威爾學院C.中央通社(CentralNewsAgency)000P每日一杯咖案的金額,支持優的诞生,李有更好我們想線你知道的是好的大腿(NewYorsUniversity)貓龍:Schoolanof(Gossm的無語體■收疏本文驗質競結。",0.74,0,1,100,1,1,0,0,0,0,2022/8/9 10:37,202,0,0, ,126,"rgba(5,61,180,1)"
U3,1,1660012628000-2022-08-09-10-37-08-371-Facebook.jpg,0,"季研究」浄『照作者我們想線你知她的是,他說(NewYorkUniversity)斯曼科學院(GossmanSchoolofMedicine)的帕尼(SamParnia)每片一杯咖率的金額,支持機具到的,而是一個「在發生數小時後仍司出:,仍可迁赫程」(中央社)科學家炸(4)日宣布,他們在豬隻死亡一小時之後,成功恢選牠們幾內血流和紐的功能。專家們表示,這項交破可能意味着死亡定義需要更新。T-20ALTE的,這顯示生精奥拉壓支持區過死亡不是。■收藏本文非黑即白",0.74,0,1,100,1,1,0,0,0,0,2022/8/9 10:37,203,0,0, ,127,"rgba(5,61,180,1)"
U3,1,1660012629000-2022-08-09-10-37-09-371-Facebook.jpg,0,"(列中消醫療和央社)科安紐内直破可能意請著死亡定義需要更新。18(NewYorkUniversity)M斯曼駛學院(GromSchoolanof用Medicine)(SamParnia)說,這是「一個真正了不起玩意着非凡的研究」。她說,趙顯示死亡不足非同即日的,而是一個「在發生數小時後仍司始孩,仍可逆轉的生物過程」。在豬隻死亡一小時之後,成功裝後牠們播們表示這項突的功《达斯杜》毅修,此一發現為人類未來一直接的是系可以幫助器官維持更長時間,有可能挽救全球成千上萬需要器官移植的患者生命。帶能。專來家源(新希家望,4)日最宣布,,他們",0.74,0,1,100,1,1,0,0,0,0,2022/8/9 10:37,204,0,0, ,128,"rgba(5,61,180,1)"
U3,1,1660012630000-2022-08-09-10-37-10-371-Facebook.jpg,0,"2019年,這支美國國隊在豬隻被斷診可以幫助器官維持更全球成手上越南要器包移植的患者生命。不過,這也可能引發有過程中,一些表面題的辯論,尤其是實驗看似死亡的猪豊政部突然動了起來,讓在場科學家大院一關。「我要相止下限靠關這烦程序倫理問",0.74,0,1,100,1,1,0,0,0,0,2022/8/9 10:37,205,0,0, ,129,"rgba(5,61,180,1)"
U3,1,1660012631000-2022-08-09-10-37-11-371-Facebook.jpg,0,"2019年,這支英國團隊在豬查被修鎮動不過,這也可能引發有關這频程序倫理問題的辯論,尤其是與論過程中,一些表面看似死亡的猪豊眼部突然動了起來,讓在坦科學家大吃一驚。列醫療應用帶來新希望,最直接的是:可以幫助器官維持更長全球成千上摇需要器官移植時間,有可能挽救的金和松粳下降填患者生命。",0.74,0,1,100,1,1,0,0,0,0,2022/8/9 10:37,206,0,0, ,130,"rgba(5,61,180,1)"
U3,1,1660012632000-2022-08-09-10-37-12-371-Facebook.jpg,0,"新研究中,研究小組到全身。置發表在《自然》(Nature)爆汗夏天消署點心2019年,這支美國國家在豬體被筆消教小時之後,成功恢復了猪腦中的細胞功能,震驚科學界放肆吃藝人夏天能设場,請人治香顏勉深人。吃就上賽,曹前景安國家婆用他們在麻醉猪身上誘發心機病發作,從而阻止血液流通全身。膠求135將這種技術展期大刊的照卡x",0.74,0,1,100,1,1,0,0,0,0,2022/8/9 10:37,207,0,0, ,131,"rgba(5,61,180,1)"
U3,1,1660012633000-2022-08-09-10-37-13-371-Facebook.jpg,0,"研的究。」商關作者訴籍人吃就上班,官網限定國家中,除你購物襟University)研究员塞斯坦(Nenad:Sestan)告辦道:「這些細胞在不科學出隊接著為豬短注入一種含有猪本身血液的液體,一種合成血紅素,以及保旗細胞和防止血栓形成的藥物。接下來6個小時的實驗中,猪體中的真波開始再次循環,許多細胞開始功能運作,包括心、肝、甜等重要器官。在核發揮作用的物他小時之後開始起作用,這告訴我們。細胞的凋亡是可以停止此舉制奪了氧氣,體內細胞的氧氣,沒有哺乳動物的細胞就會死亡。受试豬隻死亡狀態維持了一個小時。、耶魯大學(Yale立即購買)購",0.74,0,1,100,1,1,0,0,0,0,2022/8/9 10:37,208,0,0, ,132,"rgba(5,61,180,1)"
U3,1,1660012634000-2022-08-09-10-37-14-371-Facebook.jpg,0,"這告訴我究离阳作者作,包括心、肝、爾等重要器官。們,給影的|陪你購物網研兒niversity)研究員密斯坦(NenadSestan)告訴媒體,「這些细的在不應該發揮作用的驚個小時之後開始起作用,凋亡是可以此早到奪了內細胞的氧氣,沒有氧氣,哺乳動物的細胞就會死亡。受試豬隻死亡。狀態維持了一個小時科學團隊接著為豬體注入一些含有猪本身一種合成血紅素,以及保血液的液體,證细胞和防止血栓形成的藥物。在接下來6個小時的實驗中,豬體中的血波開始再次循環,許多紐約開始功能運、耶魯大學立(Vale即購買>像",0.74,0,1,100,1,1,0,0,0,0,2022/8/9 10:37,209,0,0, ,133,"rgba(5,61,180,1)"
U3,1,1660012635000-2022-08-09-10-37-15-371-Facebook.jpg,0,"吃就上陪你購物網科學團隊接著為豬體注入一種含有结本身血液的液體,一種合成出紅素,以及保護招胞和防止血栓形成的藥物。在接下來6個小時的實驗中,豬體中的血該開始再次循環,許多紐約開始功能運作,包括心、肝、腎等重要器官。氧氣,此限制奪了體內細胞的氧氣,沒有哺乳系物的細胞就會死亡。受試豬隻死亡狀態維持了一個小時。綴,官網限定國家優風百偏威惠中立即購買)",0.74,0,1,100,1,1,0,0,0,0,2022/8/9 10:37,210,0,0, ,134,"rgba(5,61,180,1)"
U3,1,1660012636000-2022-08-09-10-37-16-371-Facebook.jpg,0,"Ⓡ的。在接下來」揮作,包括心iversity)作用波開始再次循暖,許多細6個的研研究商蘭作者、耶魯大學(Yale(NenaUnSestan)告訴媒體:「這些細胞在不應該發這告訴我們,細胞的凋亡是可以停止關個小時究30、肝、習等重要器官。员塞小時的實驗中,猪堆中斯之坦後胞開開始始起作用,百富威士忌威士忌加味功能運d的血",0.74,0,1,100,1,1,0,0,0,0,2022/8/9 10:37,211,0,0, ,135,"rgba(5,61,180,1)"
U3,1,1660012637000-2022-08-09-10-37-17-371-Facebook.jpg,0,"Institute)可紐約大學(NewYorkUniversity牛津大學(OxfordUniversity)人類未来研究所(Future的预德柏格另一位研究首席作者,同樣來自耶魯大學的安德里耶維奇(DavidAndrimic)S訴法新社》,該團隊希望造種名為OrganEx的技術「可用於搶殺器官」。Sandberg)說,OrganEx還可以讓新形式手術發成能,因為在沒有循環来解決問題情況下,創造了更多的麻酸慢性空間」of它「Humanity(Anders)風百味富見)高限偏好威士",0.74,0,1,100,1,1,0,0,0,0,2022/8/9 10:37,212,0,0, ,136,"rgba(5,61,180,1)"
U3,1,1660012638000-2022-08-09-10-37-18-371-Facebook.jpg,0,"x他說,總顯「Medicine)的在一個样的生物過程」。發生示死帕數小紐約大學(NewYorkUniversity)起照斯曼習學院School(Grossmanof空間」。Parnia)說,這是「一項真正了不起且取兼非凡的研究」。耶魯大學倫理學家和研究共同作者雷珊說,無驗過程中,(StephenLatham)提乎所有OrganEx受就豬隻的頭部和頸部都曾聽過,且力道大。尼亞(Sa時後仍可亡不是非黑即白的,而是m治忌療主要風百偏威味富,仍香味可能",0.74,0,1,100,1,1,0,0,0,0,2022/8/9 10:37,213,0,0, ,137,"rgba(5,61,180,1)"
U3,1,1660012639000-2022-08-09-10-37-19-371-Facebook.jpg,0,"「能將倫理Curt注期他補充is」到任何腦霜翅意識。「即使大學的)。說繡下去」表示因肠测哲學電運動。為最然而,英國諾丁里特倫特大学(NottinghamTrentUiversi柯蒂學者不到他告訴記者:「這讓在場的人相當震,這種運他強調,雖然不知道是什麼诊致猪麦頭族活動,但他們從未在這些稍的大肠中記錄隻死後從未恢近的:「因此,這種技術圈神電這顯示猪斯經n動是一(科Ben個活動,取證鴞雜風百偏味當好蜜:jam「主學研究競示。也實際上確實ty)專研in要)威琳",0.74,0,1,100,1,1,0,0,0,0,2022/8/9 10:37,214,0,0, ,138,"rgba(5,61,180,1)"
U3,1,1660012640000-2022-08-09-10-37-20-371-Facebook.jpg,0,"華寫免全死核核編輯费責任編輯新川入会:朱作者、記者、細緻討論文章:翁世核员家儀TNL+|獨家評論分析挖與社會:·科學家成功恢梅死格細胞與商雷有望改亡定義(中央社)加入關鍵評論網會員」每天精彩好文直送你的信箱,每週獨李編輯精選、筠事精用、藝文洲載的純製電子報,可留吉具對國嶙筷下续啃內容。立刻風百偏威議題一威士忌風味。點",0.74,0,1,100,1,1,0,0,0,0,2022/8/9 10:37,215,0,0, ,139,"rgba(5,61,180,1)"
U3,1,1660012641000-2022-08-09-10-37-21-371-Facebook.jpg,0,"他補能持續充說下:成功去」。「新聞來源科學家踢死亡定義(中央社)恢復可能卓致亚就猪的痛苦,如果用於人類也會導致人類還受痛苦。」他呼籲進行更步研究。加入關鍵評論網會員】每天精彩好文直送你的信箱。每週獨家編輯精選、時事精選,酷文週報將特製電子報,可留言與作者、記者、梁員討换文章内容。立刻點華免費加入會員!風百偏威因此,這種技術實際上確實死裙紐构與器售有望改",0.74,0,1,100,1,1,0,0,0,0,2022/8/9 10:37,216,0,0, ,140,"rgba(5,61,180,1)"
U3,1,1660012642000-2022-08-09-10-37-22-371-Facebook.jpg,0,"X也會導多研究學致人。哲學學M上消解酒酒後不到車類遭受痛苦CBD者然置,英國諾丁罕特倫特大學(NottinghamTrentUniversity)專研的柯斯(Benjamn:倫理Curtis)表示,這種運動是一個「主要關蒂他補充說:「因此,這種接術實際上確實可能将致受試猪的痛苦,如果用於人類。注點」,因為最近的神經科學研究顯示,「如使大腦謝不濱電活動,跟服務龄也能將繡下去」。。」他境的風百偏威i呼破進行更查味威士風味",0.74,0,1,100,1,1,0,0,0,0,2022/8/9 10:37,217,0,0, ,141,"rgba(5,61,180,1)"
U3,1,1660012643000-2022-08-09-10-37-23-371-Facebook.jpg,0,"可兰「即使他補充也會導金研究林道能導致亚大腦然而,英國諾丁致人測下去」。REAKO酒後不不到繼罕特倫試豬的痛苦,如電(NottinghamTrentUniversity)專研倫理學的哲學學者柯蒂斯(Benjamin:Curtis)表示,這種運動是一個「主要關注點」,因為最近的神經科學研究既示,特活動說:「因此,這種技術實際上確實大學境類堪受痛苦。」他呼籲進行更果,意風味富:用的識體到車就全有保了於人百偏威驗類,威士忌風味也",0.74,0,1,100,1,1,0,0,0,0,2022/8/9 10:37,218,0,0, ,142,"rgba(5,61,180,1)"
U3,1,1660012647000-2022-08-09-10-37-27-371-Facebook.jpg,0,"x多研能持續究。也會導致人下去」。U「然而,英國諾丁罕特倫特大學(NottinghamTrent倫理學的哲學學者柯蒂斯(Benjamin)Curtis)表示,這種運動是一個「主要關注點」,因為最近的神經科學研究顯示,「即使大腦測不到關節電活動,意識體驗也他補充說:「因此,這種技術實際上確實可能得致亚就猪的機苦,如果用於人類)nive類遭受痛苦。」他呼籲進行更境的rsity)專研",0.74,0,1,100,1,1,0,0,0,0,2022/8/9 10:37,219,0,0, ,143,"rgba(5,61,180,1)"
U3,2,1660013204000-2022-08-09-10-46-44-380-Facebook.jpg,0,,0.05543956,0,1,109,0,1,0,0,0,0,2022/8/9 10:46,220,0,0, ,144,"rgba(0,68,255,0.3)"
U3,2,1660013204000-2022-08-09-10-46-44-380-Facebook.jpg,1,①遊戲6分度清道夫拳部相向“都#2d格鬥#派對遊戲角落車第!Are把戴方打到程Aopleade人氣格鬥《PixelJunk格鬥清道夫》登播Cumb角購是网注的何必呢XDSteam,0.557692308,0,1,110,1,1,0,0,0,0,2022/8/9 10:46,221,0,0, ,144,"rgba(0,68,255,1)"
U3,2,1660013204000-2022-08-09-10-46-44-380-Facebook.jpg,2,"sonTechnews科技新報o16分機6-0Plantir管李斐道意外呈現虧損,並給出衰弱的x",0.126868132,0,1,110,1,1,0,0,0,0,2022/8/9 10:46,222,0,0, ,144,"rgba(0,68,255,0.3)"
U3,2,1660013205000-2022-08-09-10-46-45-380-Facebook.jpg,0,道大學部相向鬥清#2d格鬥#銀對遊戲#Steamgaris.udn.com把戴方打到報廢!AppleArcade人氣格鬥若PixelJunk格清道夫》登面OX都是油的必RXD|udnb此角独播PC,0.567802198,0,1,111,1,1,0,0,0,0,2022/8/9 10:46,223,0,0, ,145,"rgba(0,68,255,1)"
U3,2,1660013205000-2022-08-09-10-46-45-380-Facebook.jpg,1,#NAME?,0.172197802,0,1,110,0,1,0,0,0,0,2022/8/9 10:46,224,0,0, ,145,"rgba(0,68,255,0.3)"
U3,2,1660013206000-2022-08-09-10-46-46-380-Facebook.jpg,0,《PixelJunk调鐘箱格會①进度汾酒4分雞清道夫拳园相向“#2d格鬥#派對遊戲鬥清道夫》game.udn.com把館方打到限度:AopleArcade人氣格鬥路结PC登播PC10|udn都是吃油的何必呢XD#Steam馅戲角装,0.600769231,0,1,111,1,1,0,0,0,0,2022/8/9 10:46,225,0,0, ,146,"rgba(0,68,255,1)"
U3,2,1660013206000-2022-08-09-10-46-46-380-Facebook.jpg,1,"set,Technews科技新報oPlaner當季他注意外里明虧損,並給出衰弱的財劃。",0.139230769,0,1,110,1,1,0,0,0,0,2022/8/9 10:46,226,0,0, ,146,"rgba(0,68,255,0.3)"
U3,2,1660013207000-2022-08-09-10-46-47-380-Facebook.jpg,0,道①夫學部相BEASO百纤维睫門向“清#2d格鬥#派對遊戲#Steamgame.udn.com把敵方打到報廢!AppleArcade人氣格鬥PicelJunk格清道夫》登是COas都是味的何必碗XD|udn遊戲角落.,0.600769231,0,1,111,1,1,0,0,0,0,2022/8/9 10:46,227,0,0, ,147,"rgba(0,68,255,1)"
U3,2,1660013207000-2022-08-09-10-46-47-380-Facebook.jpg,1,"THEN8#財報Technews科技新報oPalanor當季營運意外呈現劇情,並給出發佈的財測",0.139230769,0,1,110,1,1,0,0,0,0,2022/8/9 10:46,228,0,0, ,147,"rgba(0,68,255,0.3)"
U3,2,1660013208000-2022-08-09-10-46-48-380-Facebook.jpg,0,,0.74,0,1,111,0,1,0,0,0,0,2022/8/9 10:46,229,0,0, ,148,"rgba(0,68,255,1)"
U3,2,1660013209000-2022-08-09-10-46-49-380-Facebook.jpg,0,,0.74,0,1,111,0,1,0,0,0,0,2022/8/9 10:46,230,0,0, ,149,"rgba(0,68,255,1)"
U3,2,1660013210000-2022-08-09-10-46-50-380-Facebook.jpg,0,把敵方打到報廢!AppleArcade人氣格鬥《PixelJunk格鬥清道夫》登PC3#林版部#獨立组曲林女性应◎遊戲角落攻略分析心得评测新闻资讯快評雜颁A10,0.74,0,1,111,1,1,0,0,0,0,2022/8/9 10:46,231,0,0, ,150,"rgba(0,68,255,1)"
U3,2,1660013211000-2022-08-09-10-46-51-380-Facebook.jpg,0,登|ArcPaCe2022-09-0915:07P人《PixelJunk格鬥鬥把敵方打到報廢!Appled氣格攻略分析心得评测新闻资讯快評施政林林林國立燈赫女性网清道夫》,0.74,0,1,111,0,1,0,0,0,0,2022/8/9 10:46,232,0,0, ,151,"rgba(0,68,255,1)"
U3,2,1660013212000-2022-08-09-10-46-52-380-Facebook.jpg,0,"由|中坂日:回格3/Q-Gameste《PixelJunk文介面字幕門》清道夫系列,》主Q-Games製作發行本開發商「結合派對遊戲,原為AppleArcade獨佔,官方今(9)日宣布《像素垃(暫譯,|PixelJunkScrappers)將以豪華版(Deluxe)登陸Steam,支拔繁體打2D格的鬥",0.74,0,1,111,0,1,0,0,0,0,2022/8/9 10:46,233,0,0, ,152,"rgba(0,68,255,1)"
U3,2,1660013213000-2022-08-09-10-46-53-380-Facebook.jpg,0,"|圖/QrGames[中文介面字幕,日0.「坂氾濫的廢城,一群機器人做著清道的工作,在這座「垃圾城」當中,《格鬥清道夫豪華版》背景設定在不遠的將來,人類末日之後留下一座垃夫|垃圾可以變實成現金,也能把擋路的人都丟進垃圾車。",0.74,0,1,111,0,1,0,0,0,0,2022/8/9 10:46,234,0,0, ,153,"rgba(0,68,255,1)"
U3,2,1660013215000-2022-08-09-10-46-55-380-Facebook.jpg,0,"EQ-GamesAoIN《格鬥清道夫豪華版》背景設定在不「遠的將來,人類末日之後留下一座垃「坂氾濫的廢城,一群機器人做著清道夫的工作,在這座「垃圾城」當中,|垃圾可以變賣成現金,也能把擋路的|人都丟進垃圾車。A",0.74,0,1,111,0,1,0,0,0,0,2022/8/9 10:46,235,0,0, ,154,"rgba(0,68,255,1)"
U3,2,1660013216000-2022-08-09-10-46-56-380-Facebook.jpg,0,"|人都丟進垃圾車。f《格鬥清道夫豪華版》背景設定在不遠的將來,人類末日之後留下一座垃|圾氾濫的商城,一群機器人做著清道夫的工作,在這座「垃圾城」當中,|垃圾可以變賣成現金,也能把擋路的Am",0.74,0,1,111,0,1,0,0,0,0,2022/8/9 10:46,236,0,0, ,155,"rgba(0,68,255,1)"
U3,2,1660013217000-2022-08-09-10-46-57-380-Facebook.jpg,0,"玩家將化身為是機器成最多街道,或組隊,包括本地和線上合作。清道夫3rd穎曲:奇岩事前預約。neageW,4名玩家獨自打掃的小",0.74,0,1,111,0,1,0,0,0,0,2022/8/9 10:46,237,0,0, ,156,"rgba(0,68,255,1)"
U3,2,1660013218000-2022-08-09-10-46-58-380-Facebook.jpg,0,"|RQ-GamesI/O-Games須盡可能將他們送去報廢口0清運垃圾只是日常的一部分,玩家會|「遭遇競爭者機器人的攻擊和干擾,必。K1",0.74,0,1,111,0,1,0,0,0,0,2022/8/9 10:46,238,0,0, ,157,"rgba(0,68,255,1)"
U3,2,1660013219000-2022-08-09-10-46-59-380-Facebook.jpg,0,"Q-GamesMaeta效率,並贏得分數解鎖新角色團隊合作的部分,玩家可以把垃圾在手中堆高高,再扔給隊友,以此提高選項,包括25個關卡、100種物品|及角色、多種模式和小游戲。因fKaz和自訂明",0.74,0,1,111,0,1,0,0,0,0,2022/8/9 10:46,239,0,0, ,158,"rgba(0,68,255,1)"
U3,2,1660013220000-2022-08-09-10-47-00-380-Facebook.jpg,0,"|Deck的體驗,這Q-GamesMaetaKazushi|表示:「我們道花時間優化Steam中玩「起來就覺很棒。」即使尚未公布確切|推出日期,但團隊將持續分享開發進度,有興趣的玩家可以將本作加入顯|望清单。款遊戲在旅途Shizinl",0.74,0,1,111,0,1,0,0,0,0,2022/8/9 10:47,240,0,0, ,159,"rgba(0,68,255,1)"
U3,2,1660013221000-2022-08-09-10-47-01-380-Facebook.jpg,0,"|望清單。/QGames1E口(4「表示:「我們還花時間優化Steam|Deck的體驗,這款遊戲在旅途中玩起來感覺很棒。」即使尚未公布確切推出日期,但團隊將持續分享開發進度,有興趣的玩家可以將本作加入魚",0.74,0,1,111,0,1,0,0,0,0,2022/8/9 10:47,241,0,0, ,160,"rgba(0,68,255,1)"
U3,2,1660013222000-2022-08-09-10-47-02-380-Facebook.jpg,0,日A非根器人講Stean#s門#T人#200mA,0.74,0,1,111,0,1,0,0,0,0,2022/8/9 10:47,242,0,0, ,161,"rgba(0,68,255,1)"
U3,2,1660013223000-2022-08-09-10-47-03-380-Facebook.jpg,0,/Q-Games非機行人翡Stean翡門比#on日,0.74,0,1,111,0,1,0,0,0,0,2022/8/9 10:47,243,0,0, ,162,"rgba(0,68,255,1)"
U3,2,1660013224000-2022-08-09-10-47-04-380-Facebook.jpg,0,bon0BL顶凉取要棒酒GRSCRAPPERSCOMINGTOPC!,0.74,0,1,111,0,1,0,0,0,0,2022/8/9 10:47,244,0,0, ,163,"rgba(0,68,255,1)"
U3,2,1660013225000-2022-08-09-10-47-05-380-Facebook.jpg,0,活單日€·梅加坡戰專型精致口成明,0.74,0,1,111,0,1,0,0,0,0,2022/8/9 10:47,245,0,0, ,164,"rgba(0,68,255,1)"
U3,2,1660013226000-2022-08-09-10-47-06-380-Facebook.jpg,0,BQ-Games消威单联坚栓預门政,0.74,0,1,111,0,1,0,0,0,0,2022/8/9 10:47,246,0,0, ,165,"rgba(0,68,255,1)"
U3,2,1660013227000-2022-08-09-10-47-07-380-Facebook.jpg,0,日f通消玻草权事业检銀白皮開敵,0.74,0,1,111,0,1,0,0,0,0,2022/8/9 10:47,247,0,0, ,166,"rgba(0,68,255,1)"
U3,2,1660013228000-2022-08-09-10-47-08-380-Facebook.jpg,0,TPicallurk相門清漆夫》登a错把前方打划到商!AcpleArende人氣格鬥C型動装uis,0.272472527,0,0,111,0,0,0,0,0,0,2022/8/9 10:47,248,0,0, ,167,"rgba(0,68,255,1)"
U3,2,1660013228000-2022-08-09-10-47-08-380-Facebook.jpg,1,"#Palantyx财报SunTechnews科技新西PlanorOPalantinfrancesechnews.tvPalantir02意外虧濕、財測過,股價大跌14%魏季營運意外是供劇情,並給出瘦弱的",0.467527473,0,0,110,1,1,0,0,0,0,2022/8/9 10:47,249,0,0, ,167,"rgba(0,68,255,0.3)"
U3,2,1660013229000-2022-08-09-10-47-09-380-Facebook.jpg,0,,0.027967033,0,0,111,0,0,0,0,0,0,2022/8/9 10:47,250,0,0, ,168,"rgba(0,68,255,1)"
U3,2,1660013229000-2022-08-09-10-47-09-380-Facebook.jpg,1,"PolanorPalantStancetechnews.twPalantirQ2意外虧sunTechnews科技新報o6分刷OPalantin損、財測過,股價大跌145Or當季營運意外呈現虧損,並給出衰弱的",0.557692308,0,0,110,1,1,0,0,0,0,2022/8/9 10:47,251,0,0, ,168,"rgba(0,68,255,0.3)"
U3,2,1660013229000-2022-08-09-10-47-09-380-Facebook.jpg,2,"|香港開科時報#X1502-0牌笑容的身影。原來這個形象是【BT專訪】作為著名的玄學家,談起麦玲玲三個字,很自然會聯想到一個身穿红色外套配上經過,查看更多招",0.154340659,0,0,115,0,0,0,0,0,0,2022/8/9 10:47,252,0,0, ,168,"rgba(135,206,255,1)"
U3,2,1660013230000-2022-08-09-10-47-10-380-Facebook.jpg,0,"bts防UN球笑容的身麦玲玲手鉄:又跌最後!HONVICTORIE影。原來這個OX手持3個北角半山網「升:市區樓升先!跌:又跌最後!」。形象是經過..查【BT專訪】作為著名的玄學家,接起安玲玲三個字,很自然會聯想到一個身穿红色外套配上招持3個北角半山物業!升:市耳機升先!看更12-1389成分限多",0.563681319,0,0,115,0,1,0,0,0,0,2022/8/9 10:47,253,0,0, ,169,"rgba(135,206,255,1)"
U3,2,1660013230000-2022-08-09-10-47-10-380-Facebook.jpg,1,Yahool奇摩新聞o比基尼合照腰間多一塊X,0.176318681,0,0,116,1,0,0,0,0,0,2022/8/9 10:47,254,0,0, ,169,"rgba(46, 180, 237,1)"
U3,2,1660013231000-2022-08-09-10-47-11-380-Facebook.jpg,0,"跌07进留言賽价特币持3個北角半山物業!升;市區樓升先;又跌最後!12則留言,182分享",0.279340659,0,0,115,0,0,0,0,0,0,2022/8/9 10:47,255,0,0, ,170,"rgba(135,206,255,1)"
U3,2,1660013231000-2022-08-09-10-47-11-380-Facebook.jpg,1,"比版基尼合Yahoo奇摩新聞o#1150照腰肉閨密扯回:男友修圖的間多一塊1086赛,1次升旗",0.460659341,0,0,116,1,1,0,0,0,0,2022/8/9 10:47,256,0,0, ,170,"rgba(46, 180, 237,1)"
U3,2,1660013232000-2022-08-09-10-47-12-380-Facebook.jpg,0,"ON212M...Yahoo只顧自己美,確定是好姊妹講XDhttps://bit.ly/3bzmSVO**✔1086霞。1次分學",0.357637363,0,0,116,1,0,0,0,0,0,2022/8/9 10:47,257,0,0, ,171,"rgba(46, 180, 237,1)"
U3,2,1660013232000-2022-08-09-10-47-12-380-Facebook.jpg,1,"Taiwan8月4日10:50enFrance⑦TrendingTaiwan鄰台灣,追蹤8月2日1303Thegatesofthe4GhostMorthisundethisunderwayinthoughtwe'dmarktheoccasionwit.underworldareopenand#Taiwan.We",0.382362637,0,0,120,0,1,0,0,0,0,2022/8/9 10:47,258,0,0, ,171,"rgba(4,134,219,1)"
U3,2,1660013233000-2022-08-09-10-47-13-380-Facebook.jpg,0,"011出合TrendingTaiwan湖台灣,並撥492803203Thegatesoftheunderworldareopenand#GhostMonthisunderwayinTaiwan.Wethoughtwe'dmarktheoccasionwit...1968次退票",0.60489011,0,0,120,0,1,0,0,0,0,2022/8/9 10:47,259,0,0, ,172,"rgba(4,134,219,1)"
U3,2,1660013233000-2022-08-09-10-47-13-380-Facebook.jpg,1,8為经推薦|芝山543-天母0地生活英备交流KarinLee日14:05x士林北投在…,0.13510989,0,0,121,0,0,0,0,0,0,2022/8/9 10:47,260,0,0, ,172,"rgba(64, 187, 213,1)"
U3,2,1660013234000-2022-08-09-10-47-14-380-Facebook.jpg,0,"每每每天殿前家天早上空腹湖為您推薦:男人世的八大秘诀天最少性每天桥發前手機ML杯酒格6~8小時水芝山5435地生活美食交流KarenLee4日14:05OaMoresse吃两粒-3年,查看更多天母士林投在版注62次跑路x",0.74,0,0,121,0,1,0,0,0,0,2022/8/9 10:47,261,0,0, ,173,"rgba(64, 187, 213,1)"
U3,2,1660013235000-2022-08-09-10-47-15-380-Facebook.jpg,0,0:口腔,0.365879121,0,0,121,0,0,0,0,0,0,2022/8/9 10:47,262,0,0, ,174,"rgba(64, 187, 213,1)"
U3,2,1660013235000-2022-08-09-10-47-15-380-Facebook.jpg,1,"-查看更多②我的書櫃限炸澳大楼一楼潋金线的共線了]【世名】:原築最佳狀息,高壓下保持清晰思維Farry位模女子A18B0461力管现大使用手冊:科學鍛鍊大",0.374120879,0,0,123,0,1,0,0,0,0,2022/8/9 10:47,263,0,0, ,174,"rgba(135,206,255,1)"
U3,2,1660013236000-2022-08-09-10-47-16-380-Facebook.jpg,0,内容,0.154340659,0,0,123,0,0,0,0,0,0,2022/8/9 10:47,264,0,0, ,175,"rgba(135,206,255,1)"
U3,2,1660013236000-2022-08-09-10-47-16-380-Facebook.jpg,1,"【港元定期】电網迎來新轉變,3大發鈔行相繼上調息率,中銀香港及渣打銀行1年期港元定期|達2.4厘,入場陳72,000元息,而另查看更多bwinesetnes.com.hk港元定期|中小行減息VS大行加息!中銀、油打1年期達2.4厘台日元常期2022中小行城息VS大行加中銀、渣打1年期線2.4度入場72,000元惠香港財經消報o12天13:00:06間銀行利率優惠比較OsPhostoredStandard10-169x",0.585659341,0,0,124,1,1,0,0,0,0,2022/8/9 10:47,265,0,0, ,175,"rgba(46, 180, 237,1)"
U3,2,1660013237000-2022-08-09-10-47-17-380-Facebook.jpg,0,"港元定期|中小行減息VS大行加息!中銀、渣打T年斯達2.4厘396間銀行利率優惠比較入場72,000元包时10則E",0.334285714,0,0,124,1,0,0,0,0,0,2022/8/9 10:47,266,0,0, ,176,"rgba(46, 180, 237,1)"
U3,2,1660013237000-2022-08-09-10-47-17-380-Facebook.jpg,1,"「港鐵優惠2022」踏入明,各大商戶開始推出各種夏日優惠,港颁於8月4日在MTRMobileAPP派出共32,000根電子俊票券,克,查看更多香港財經時報8月4日14:008月4日12:00開始浙圳免费$300/$500*#32,00019活動詳情小铺取方法NA",0.405714286,0,0,125,1,1,0,0,0,0,2022/8/9 10:47,267,0,0, ,176,"rgba(2,22,105,1)"
U3,2,1660013238000-2022-08-09-10-47-18-380-Facebook.jpg,0,"|避微免费讯$300/5500優惠券+積分回赠丨活動詳情+银取方法0水1則奮西,702分享",0.221648352,0,0,125,1,0,0,0,0,0,2022/8/9 10:47,268,0,0, ,177,"rgba(2,22,105,1)"
U3,2,1660013238000-2022-08-09-10-47-18-380-Facebook.jpg,1,"(WorkLifeBala目標外,近年亦斯塔攻略|美聯集團推每過一天在家工作+超時薪路遥攻略||再加福利:超時薪酬、腦食津貼調「4+作相式全行首推每期有一天在家工作,香港財經時報o8月4日13:00-5在家工作】工作與生活平衡廣受外國,以至香港,查看更多:nce)除了是不少打工仔追求的-----",0.518351648,0,0,127,1,1,0,0,0,0,2022/8/9 10:47,269,0,0, ,177,"rgba(0,68,255,1)"
U3,2,1660013239000-2022-08-09-10-47-19-380-Facebook.jpg,0,"目標外,近年(WorkLife最場攻略|美聯扶图推每週一天在家工作+超時航藝+食津貼豬全行首推每級福利:超時薪酬、腦食津貼...專Bala亦猫發nce)除wasbokabtBy外週有一天在家工作國,了家是不少以至香港..查看更多本則奮西。12次分享打工仔追求的的服",0.533461538,0,0,127,1,1,0,0,0,0,2022/8/9 10:47,270,0,0, ,178,"rgba(0,68,255,1)"
U3,2,1660013239000-2022-08-09-10-47-19-380-Facebook.jpg,1,"今塞#慶祝結婚1|和其他天*替宏崙南青接風洗塵全家0父Yah-lih過80738.台中市週年親¯團9聚#廣#Wang人,在廣南古品,到宏杆上次指定的各商聚餐,慶祝婚37週年#慶祝宏恩玉萍生梘编日宏一家接#替恩用洗結和王關建及。",0.206538462,0,0,129,0,0,0,0,0,0,2022/8/9 10:47,271,0,0, ,178,"rgba(64, 187, 213,1)"
U3,2,1660013241000-2022-08-09-10-47-21-380-Facebook.jpg,0,"Yah-lihWaTomok,在國內品。880756890今天全家團聚,劉淑料上次指定的装商聚餐,祝结3#慶祝父餐農籃結婚10週年#鹿兒請度*替宏育和青接荡洗磨7晚年紀宏日#龍宏限一家生1200|Ong——和王關建及蜗+12兩玉萍|29接用後",0.74,0,0,129,0,1,0,0,0,0,2022/8/9 10:47,272,0,0, ,179,"rgba(64, 187, 213,1)"
U3,2,1660013242000-2022-08-09-10-47-22-380-Facebook.jpg,0,om,0.426318681,0,0,129,0,1,0,0,0,0,2022/8/9 10:47,273,0,0, ,180,"rgba(64, 187, 213,1)"
U3,2,1660013242000-2022-08-09-10-47-22-380-Facebook.jpg,1,":走來跌跌撞撞的他說我的形象、聲音,比賽過後時我參加人相信沒|Yahoo奇881230e摩新聞o「當選秀我合唱,可能",0.313681319,0,0,131,1,0,0,0,0,0,2022/8/9 10:47,274,0,0, ,180,"rgba(135,206,255,1)"
U3,2,1660013243000-2022-08-09-10-47-23-380-Facebook.jpg,0,Da201,0.201043956,0,0,129,0,0,0,0,0,0,2022/8/9 10:47,275,0,0, ,181,"rgba(64, 187, 213,1)"
U3,2,1660013243000-2022-08-09-10-47-23-380-Facebook.jpg,1,"小站上安0268tnews.yahoo.com|Yaho11日12:2016說:走來跌跌撞撞的她我的形象、聲音,比賽過後沒人相信我會唱翼炒霸氣喊:老娘顧台上設訓「一直被看不起」ol奇摩新聞o「當時我參加選秀,可能x",0.538956044,0,0,131,1,1,0,0,0,0,2022/8/9 10:47,276,0,0, ,181,"rgba(135,206,255,1)"
U3,2,1660013244000-2022-08-09-10-47-24-380-Facebook.jpg,0,"走來我的形象268Tnews.yahoo.com小超台上設洲「一直被看不起,我炒霸氣喊:老炮跌跌撞撞的她进、聲音,比賽過RS說:「當時我參加選秀後沒人相信我合唱,可能北分家",0.565054945,0,0,131,1,1,0,0,0,0,2022/8/9 10:47,277,0,0, ,182,"rgba(135,206,255,1)"
U3,2,1660013244000-2022-08-09-10-47-24-380-Facebook.jpg,1,"ErlingHaaland魔人給藍領的英级初登場上,查看更常|愛爾途韓a1725e育家族卷x",0.174945055,0,0,134,0,0,0,0,0,0,2022/8/9 10:47,278,0,0, ,182,"rgba(5,61,180,1)"
U3,2,1660013245000-2022-08-09-10-47-25-380-Facebook.jpg,0,who.com小慕台上旋洲「一直被看不起」謝勝霸氣城:老娘站上桌了。08次分服。,0.320549451,0,0,131,0,0,0,0,0,0,2022/8/9 10:47,279,0,0, ,183,"rgba(135,206,255,1)"
U3,2,1660013245000-2022-08-09-10-47-25-380-Facebook.jpg,1,ErlingHaaland魔人哈蘭德的英超初登場!.查看更多|愛爾達體週日17:353育家族0,0.419450549,0,0,134,0,1,0,0,0,0,2022/8/9 10:47,280,0,0, ,183,"rgba(5,61,180,1)"
U3,2,1660013246000-2022-08-09-10-47-26-380-Facebook.jpg,0,8,0.140604396,0,0,131,0,0,0,0,0,0,2022/8/9 10:47,281,0,0, ,184,"rgba(135,206,255,1)"
U3,2,1660013246000-2022-08-09-10-47-26-380-Facebook.jpg,1,ErlingHaaland魔人哈蘭德的英翅初登場!查看更多|夏爾達體育家族。81735OB,0.599395604,0,0,134,0,1,0,0,0,0,2022/8/9 10:47,282,0,0, ,184,"rgba(5,61,180,1)"
U3,2,1660013247000-2022-08-09-10-47-27-380-Facebook.jpg,0,Oce巧用將办理1次分享,0.140604396,0,0,131,0,0,0,0,0,0,2022/8/9 10:47,283,0,0, ,185,"rgba(135,206,255,1)"
U3,2,1660013247000-2022-08-09-10-47-27-380-Facebook.jpg,1,中華-HamVideo-ELTA.tv/w昆RVIPEringHasland西西魔人哈蘭德的英翅初登場!西漢姆聯v曼城LIVE育3台CH202設網渔體足球VIP鳥優惠中https://pse.is/4cwk对WP英超联冠美甲通道有少LIVE-p://pe.is/4c32轉過賽程https://heurl.co/000Mjo達「La鎖定愛爾電信M髮爾達體育家族卷「週日1736-3OOX,0.599395604,0,0,134,0,1,0,0,0,0,2022/8/9 10:47,284,0,0, ,185,"rgba(5,61,180,1)"
U3,2,1660013248000-2022-08-09-10-47-28-380-Facebook.jpg,0,v愛爾達體育3H2O2台C足球VIP早岛優惠中~https://pac.is/4cwa↓#足球WP英超欧冠義甲通通有心LIVE直播+https://pse.is/cvt32馬賽礎tp://eurt.cc/Mio|英超鎖定愛爾速(中華電信MOOHanVideo-ELTAN/尼VIP,0.74,0,0,134,0,1,0,0,0,0,2022/8/9 10:47,285,0,0, ,186,"rgba(5,61,180,1)"
U3,2,1660013249000-2022-08-09-10-47-29-380-Facebook.jpg,0,"-ps://reurl.cc/YXOMO鎖坛定愛爾達-中華電M00||#英-Hamiideo-ELTA./#VIPR柑果测和其他195人178至西,8次分享Os",0.728516484,0,0,134,0,1,0,0,0,0,2022/8/9 10:47,286,0,0, ,187,"rgba(5,61,180,1)"
U3,2,1660013249000-2022-08-09-10-47-29-380-Facebook.jpg,1,TaiwanenFranceⒸ,0.011483516,0,0,140,0,0,124,0,0,0,2022/8/9 10:47,287,0,0, ,187,"rgba(46, 180, 237,1)"
U3,2,1660013250000-2022-08-09-10-47-30-380-Facebook.jpg,0,"O97影留露,3次分享的眼-",0.495,0,0,134,0,1,0,0,0,0,2022/8/9 10:47,288,0,0, ,188,"rgba(5,61,180,1)"
U3,2,1660013250000-2022-08-09-10-47-30-380-Facebook.jpg,1,"TaiwanenFranceⒸ1841356#MerciPortaSoutien外交部MinistryofForeignAffairs.「ROC(Taiwan)·追蹤由加拿大、法國、德國、大利、非日本、英國紐成的以及#美國七大工業園器(HG7)國家外交部長與感盟外交與安全的陸商場种肉炒|日日籍佐酒团,指",0.245,0,0,140,1,0,124,0,0,0,2022/8/9 10:47,289,0,0, ,188,"rgba(46, 180, 237,1)"
U3,2,1660013251000-2022-08-09-10-47-31-380-Facebook.jpg,0,"和其他195人,口水378書,2009",0.250494505,0,0,134,0,0,0,0,0,0,2022/8/9 10:47,290,0,0, ,189,"rgba(5,61,180,1)"
U3,2,1660013251000-2022-08-09-10-47-31-380-Facebook.jpg,1,"Taiwan8月4日13:56#MerciPourLeSoutien由加拿大、#法國、德國、蕭大利、更日本甜圈以质美國組成的七大工業國果園(6)國家外交部長與歐盟外交與安全政策高级代表於6月3日發佈聯合聲明,指出中國近日宣布的實彈演習與經濟爾伯解成致不必要發行徑,恐導的情|申將致力維..查看更多勢。各國重外(ROC(Taiwan)8月4日11:05交龍enFranceMinnistryofForeignAffairs.追蹤升高",0.489505495,0,0,140,1,1,124,0,0,0,2022/8/9 10:47,291,0,0, ,189,"rgba(46, 180, 237,1)"
U3,2,1660013252000-2022-08-09-10-47-32-380-Facebook.jpg,0,"(⑦)8/1401356-0MerciPourLeSoutien龍(01900由集团加拿大、法國、德國、大利、…日本、英國以股美國組成的七大工業國(007)国家外交部長與世盟外交與安全政策高级代表於8月3日發佈聯合聲明,指出中國近日宣布的實彈演容與經濟商燈馨成過行徑,恐怖放不必要的情勢升高。各國重申將致力練,查看更多外交ROC8月4日1105外交部誠摯感謝G7國家及歐盟採取一致的行動堅定支持台海和平穩定!FestonMoistorsandibutiOraisorkshe37HyRepensibleForthelostaturnintrafferingtheircamententailakkgresultyaressteSalesSoutMinnistryofForeignAffairs(Taiwan),追蹤",0.74,0,0,140,1,1,124,0,0,0,2022/8/9 10:47,292,0,0, ,190,"rgba(46, 180, 237,1)"
U3,2,1660013253000-2022-08-09-10-47-33-380-Facebook.jpg,0,0%2013外交部誠摯感謝G7國家及歐盟採取一致的行動堅定支持台海和平穩定!OFAthacksthe37FignMissandtheilHighRepressForthestatestTaipingtheircommissmitamiyangpeaceandstabilityacrosstheTalvasS·只爾途體育家族养更新了出席xOut1月公西-129年SELLSTARE**,0.74,0,0,140,1,1,124,0,0,0,2022/8/9 10:47,293,0,0, ,191,"rgba(46, 180, 237,1)"
U3,2,1660013254000-2022-08-09-10-47-34-380-Facebook.jpg,0,peaceandstabilityastheTalasSa019009MOTAthanksthe07Feige海|愛爾達體育家饮新了切x相片201RICAMLBUS」等HighRepeatforthi8/0910-02本MinistersandtheU使闲置+1次分享,0.74,0,0,140,0,1,124,0,0,0,2022/8/9 10:47,294,0,0, ,192,"rgba(46, 180, 237,1)"
U3,2,1660013255000-2022-08-09-10-47-35-380-Facebook.jpg,0,R|POWMLBtoood「相片。加本,0.374120879,0,0,145,0,1,0,0,0,0,2022/8/9 10:47,295,0,0, ,193,"rgba(64, 187, 213,1)"
U3,2,1660013255000-2022-08-09-10-47-35-380-Facebook.jpg,1,"127跟擇雅週日04:44:5行車機箱思,追蹤重請余英時《飛彈下的温——民主與民族主義之間)(1996)查看更多演台股破分家x",0.365879121,0,0,146,0,0,0,0,0,0,2022/8/9 10:47,296,0,0, ,193,"rgba(87,226,255,1)"
U3,2,1660013256000-2022-08-09-10-47-36-380-Facebook.jpg,0,海將,0.098021978,0,0,145,0,0,0,0,0,0,2022/8/9 10:47,297,0,0, ,194,"rgba(64, 187, 213,1)"
U3,2,1660013256000-2022-08-09-10-47-36-380-Facebook.jpg,1,"127楊定,追蹤1438-0重接余英時《飛强下的误——民主與民族主義之間)(1996)查看更多根排列DR0444台股-x",0.365384615,0,0,146,0,1,0,0,0,0,2022/8/9 10:47,298,0,0, ,194,"rgba(87,226,255,1)"
U3,2,1660013256000-2022-08-09-10-47-36-380-Facebook.jpg,2,"剖球第外電源站Taiwan20083JessityLee作天1不管康寧街十號换體進駐,都是英國首相府主人的赖瑞發文規:/查看更多陳家14分鐘料:831GlobalNewnFor在",0.266483516,0,0,147,0,0,5,0,0,0,2022/8/9 10:47,299,0,0, ,194,"rgba(135,206,255,1)"
U3,2,1660013256000-2022-08-09-10-47-36-380-Facebook.jpg,3,***,0.01010989,0,0,148,0,0,0,0,0,0,2022/8/9 10:47,300,0,0, ,194,"rgba(46, 180, 237,1)"
U3,2,1660013257000-2022-08-09-10-47-37-380-Facebook.jpg,0,127分享,0.16532967,0,0,146,0,0,0,0,0,0,2022/8/9 10:47,301,0,0, ,195,"rgba(87,226,255,1)"
U3,2,1660013257000-2022-08-09-10-47-37-380-Facebook.jpg,1,"不管松搶,唐與街十號駐都是英國首相府主人的超購發文說:查看更多14分偏料:制服萄Taiwan加入JennerLee作天1331外雞GlobalNewsFor電譯站",0.267857143,0,0,147,0,0,5,0,0,0,2022/8/9 10:47,302,0,0, ,195,"rgba(135,206,255,1)"
U3,2,1660013257000-2022-08-09-10-47-37-380-Facebook.jpg,2,翻译推文Todayis#InternationalCatDay;strutexpectallcatstoaroundlikeweowntheplace.Expectthesametomorrowtoo.Larrythe@Number10catCat,0.306813187,0,0,147,0,1,5,0,0,0,2022/8/9 10:47,303,0,0, ,195,"rgba(135,206,255,1)"
U3,2,1660013258000-2022-08-09-10-47-38-380-Facebook.jpg,0,"JanerLe找123寧街十號换睡比駐都是英國首相府主人的超瑞發文斌:查看更多不管唐,TaiwanA",0.162582418,0,0,147,0,0,5,0,0,0,2022/8/9 10:47,304,0,0, ,196,"rgba(135,206,255,1)"
U3,2,1660013258000-2022-08-09-10-47-38-380-Facebook.jpg,1,Todayis#InternationalCatDay:expectcatsstrutaroundlikeweowntheplace.Expectalltothesametomorrowtoo.翻牌推文Larrythe@Number1DcatCat,0.577417582,0,0,147,0,1,5,0,0,0,2022/8/9 10:47,305,0,0, ,196,"rgba(135,206,255,1)"
U3,2,1660013259000-2022-08-09-10-47-39-380-Facebook.jpg,0,15:23-2022/8/8-TwitterforiPhone,0.312307692,0,0,147,0,0,5,0,0,0,2022/8/9 10:47,306,0,0, ,197,"rgba(135,206,255,1)"
U3,2,1660013259000-2022-08-09-10-47-39-380-Facebook.jpg,1,S(6²)東森新聞西12065-0K備明:這個聚劲地方媒妈也太不好孤了吧一東森娛樂1205-0Ki瞬明:直接請合7唱團-温层出大地了430多歲男家族合唱團場婚:母出場結局股狠大..查看更多、追蹤x,0.427692308,0,0,152,1,1,0,0,0,0,2022/8/9 10:47,307,0,0, ,197,"rgba(4,134,219,1)"
U3,2,1660013260000-2022-08-09-10-47-40-380-Facebook.jpg,0,Oas,0.062307692,0,0,147,0,0,5,0,0,0,2022/8/9 10:47,308,0,0, ,198,"rgba(135,206,255,1)"
U3,2,1660013260000-2022-08-09-10-47-40-380-Facebook.jpg,1,"30大S|Ki婚明:直接請合唱團-這屋出歲男家族合唱多團通查看更多12050K編潮:這個聚號,地方踢得也太不好累了吧,東森2015Alaba三十好漫娛樂曲:,這41言。108次升單,43间就取到Oa段婚!母出大絕了嗎?場结局股狠x",0.677692308,0,0,152,1,1,0,0,0,0,2022/8/9 10:47,309,0,0, ,198,"rgba(4,134,219,1)"
U3,2,1660013261000-2022-08-09-10-47-41-380-Facebook.jpg,0,"081009查看更K腦啊:直接請合唱团-温是出火起了嗎?運婚!母出場結局30多歲男家族合唱團般根大jelle多43侧雷庭,108次分享-43屆次紐寶",0.499120879,0,0,152,0,1,0,0,0,0,2022/8/9 10:47,310,0,0, ,199,"rgba(4,134,219,1)"
U3,2,1660013261000-2022-08-09-10-47-41-380-Facebook.jpg,1,◎心理【94要賺錢未來事件测】预频启程吼出神準備位全中台積電獲利135|20220800|分析師謝文明查看更多三立新聞雜的直播影片。2008-0,0.240879121,0,0,155,1,0,0,0,0,0,2022/8/9 10:47,311,0,0, ,199,"rgba(135,206,255,1)"
U3,2,1660013262000-2022-08-09-10-47-42-380-Facebook.jpg,0,"43防雷吉,10年次分服。63萬次意寶:改行说Oa",0.246373626,0,0,152,1,0,0,0,0,0,2022/8/9 10:47,312,0,0, ,200,"rgba(4,134,219,1)"
U3,2,1660013262000-2022-08-09-10-47-42-380-Facebook.jpg,1,"04194張爆線未來事件位命中台積電寶135文明查看更多QUEIRADD三代新聞雜的直開片,2015-0利14:004冊西,1次分享,4183次新鐘】長榮航程填出微特價|2022009|謝分析",0.493626374,0,0,155,0,1,0,0,0,0,2022/8/9 10:47,313,0,0, ,200,"rgba(135,206,255,1)"
U3,2,1660013263000-2022-08-09-10-47-43-380-Facebook.jpg,0,,0.038956044,0,0,152,0,0,0,0,0,0,2022/8/9 10:47,314,0,0, ,201,"rgba(4,134,219,1)"
U3,2,1660013263000-2022-08-09-10-47-43-380-Facebook.jpg,1,"0QG6每週一~五14:00194要豚造未來事件测】長颈朋程填出神原價位命中台積文明...查看更多|三立新聞雜的直播12小时第一弹|20220809|分析師謝電獲利135a辉言,1次分家,403次預影片X",0.56043956,0,0,155,1,1,0,0,0,0,2022/8/9 10:47,315,0,0, ,201,"rgba(135,206,255,1)"
U3,2,1660013263000-2022-08-09-10-47-43-380-Facebook.jpg,2,"台(節錄)在灣百家直接对1928日國11:43:5宣布大規模實彈軍演,以及禁止內部濕例一定會有「為什麼要輕怒共產黨」、「歲洛西為什麼要來」的耳語與討論,而這正是中共想要的。這個政程不僅提耕此威慑台灣民心,還想分裂台灣的灣中共食品廠输入之後,台x",0.140604396,0,0,159,0,0,149,0,0,0,2022/8/9 10:47,316,0,0, ,201,"rgba(0,68,255,1)"
U3,2,1660013264000-2022-08-09-10-47-44-380-Facebook.jpg,0,"044冊留言,1次分享,4188次前實Ora百家",0.190054945,0,0,155,0,0,0,0,0,0,2022/8/9 10:47,317,0,0, ,202,"rgba(135,206,255,1)"
U3,2,1660013264000-2022-08-09-10-47-44-380-Facebook.jpg,1,"预特性88480243G(節錄)在中共國宣布大規模實彈軍演,以及销止台灣百家食品雕输入之後,台灣內部潤例一定會「為什麼要惹怒共產端」、「哀咨西為什麼有要來」的耳貓與討論,而這正是中共想要的。這個政權不僅要藉此或情台灣民心,想分裂台灣的經結,最好讓台灣人陷入互相指責的窘境;像越來越多人自問:「紅線在哪裡?」「,查看更多",0.549945055,0,0,159,0,1,149,0,0,0,2022/8/9 10:47,318,0,0, ,202,"rgba(0,68,255,1)"
U3,2,1660013265000-2022-08-09-10-47-45-380-Facebook.jpg,0,"陳嘉宏專欄:別讓共產简替我們劃紅線Ba--上限3則面包,1次升家",0.482637363,0,0,159,0,1,149,0,0,0,2022/8/9 10:47,319,0,0, ,203,"rgba(0,68,255,1)"
U3,2,1660013265000-2022-08-09-10-47-45-380-Facebook.jpg,1,|15分鐘前0,0.257362637,0,0,162,1,0,187,0,0,0,2022/8/9 10:47,320,0,0, ,203,"rgba(87,226,255,1)"
U3,2,1660013266000-2022-08-09-10-47-46-380-Facebook.jpg,0,,0.038956044,0,0,159,0,0,149,0,0,0,2022/8/9 10:47,321,0,0, ,204,"rgba(0,68,255,1)"
U3,2,1660013266000-2022-08-09-10-47-46-380-Facebook.jpg,1,"「可逆Senewalers.corn:科學家成功板源生轉的陳家1500造物远花豬妮程」的與器官,-TheTheNaNewsOA改寫死亡定義為Lens5做论评A",0.493131868,0,0,162,1,1,187,0,0,0,2022/8/9 10:47,322,0,0, ,204,"rgba(87,226,255,1)"
U3,2,1660013266000-2022-08-09-10-47-46-380-Facebook.jpg,2,"AM英文TsaiIng-wen大家晚安,明天就是切末,很多國人已經提前退15040郑過父親節...查看更多",0.207912088,0,0,163,0,0,0,0,0,0,2022/8/9 10:47,323,0,0, ,204,"rgba(135,206,255,1)"
U3,2,1660013268000-2022-08-09-10-47-48-380-Facebook.jpg,0,"科學家收的機商關閉紐約與器官,改寫死亡定義為關「可逆转的生物過程」-TheNosesLens材评OsC",0.382362637,0,0,162,1,1,187,0,0,0,2022/8/9 10:47,324,0,0, ,205,"rgba(87,226,255,1)"
U3,2,1660013268000-2022-08-09-10-47-48-380-Facebook.jpg,1,"A蘋英文TsaiIng-wen大家晚安週五1024郑冠父親節...查看更多,明天就是週末,很多國人已威博角逐掉到据為都是摩技的見義口網oX",0.357637363,0,0,163,0,0,0,0,0,0,2022/8/9 10:47,325,0,0, ,205,"rgba(135,206,255,1)"
U3,2,1660013269000-2022-08-09-10-47-49-380-Facebook.jpg,0,"成功恢食科學家「可逆轉的生物過程」(TheNinesLens關鍵件西湖**死裙的與器官,改寫死合亡定要為",0.382362637,0,0,162,1,1,187,0,0,0,2022/8/9 10:47,326,0,0, ,206,"rgba(87,226,255,1)"
U3,2,1660013269000-2022-08-09-10-47-49-380-Facebook.jpg,1,"從昨軌道上負責任的做法但是,我們的國軍弟兄海的軍演威脅,但機位,守護況們的國家。」天起,中國在,進A週五16:04:3M英文TsaiIng-wen大家晚安,明天就是來,很多人已經提前返經過父親節。行與彈此刻,台灣射擊;鄰近的日本經濟水域,也遭受到等軍全體國周邊,世姊妹,為了因應中國在台事威軍正不發界最行動,這是不繁分去夜,堅忙的國際",0.357637363,0,0,163,0,0,0,0,0,0,2022/8/9 10:47,327,0,0, ,206,"rgba(135,206,255,1)"
U3,2,1660013270000-2022-08-09-10-47-50-380-Facebook.jpg,0,"科學家成功恢復死豬場的與器官,改寫死「可学籍的生物過程:TheNewsLens律師调亡定義為",0.190054945,0,0,162,1,0,187,0,0,0,2022/8/9 10:47,328,0,0, ,207,"rgba(87,226,255,1)"
U3,2,1660013270000-2022-08-09-10-47-50-380-Facebook.jpg,1,"「守岗位,守Ing-wenoA英文Tsai大家晚安,明天就是週末,很多國人已經探箱返TET16但是,我們的國軍弟兄姊妹,為了因應中國在台海的軍演威脅,此刻,全國軍正不分書皮,堅從昨天起,中國在台灣園後,世界最繁忙的國際航港上,進行實彈射整等軍事威脅行動,這是不負責任的做法;鄰近的日本經濟水域,也遭受到飛彈的侵擾我們已經屬正要求中國發性自制,任何一個負責任的區域成員,都不應該破壞區域的和平板定。面對這種無端而起的軍事威脅,國際社會正高度關切。|我也要再次跟大家說,政府已做好完整應變準備,國軍也正全力應對定可以確保用人的安護我們的國家。",0.549945055,0,0,163,0,1,0,0,0,0,2022/8/9 10:47,329,0,0, ,207,"rgba(135,206,255,1)"
U3,2,1660013271000-2022-08-09-10-47-51-380-Facebook.jpg,0,"10,口-TheNewsLensma述***",0.126868132,0,0,162,1,0,187,0,0,0,2022/8/9 10:47,330,0,0, ,208,"rgba(87,226,255,1)"
U3,2,1660013271000-2022-08-09-10-47-51-380-Facebook.jpg,1,"A鄉研交大家晚安M英文雜體,為,全體國軍正不分但是,我們的國軍弟兄姊妹海的軍演威脅,此刻守崗位,守護我們的國家。」中國在台灣周邊,世界最繁忙的國際航道上,進行實彈射舉等軍事威脅行動,這是不負責任的做法;鄰近的日本經濟水城,也请受到的侵擾從昨天起,飛彈。我們已經嚴正要求中國理性白制,任何一個負責任的區域成員,都不應該破壞區域的和平穩定,我對這種無端而起的軍事威脅,國際社會正高度製片「我也要,政府再次最大家說已做好完整應變準備、國軍也正全力應對,一定可以確保國人的安「全。請大家安心,保持冷静,如常生活。。Tai,明天就是過來,很多國人已經提前退Ing-won了因應實中國在夜,堅台",0.613131868,0,0,163,0,1,0,0,0,0,2022/8/9 10:47,331,0,0, ,208,"rgba(135,206,255,1)"
U3,2,1660013272000-2022-08-09-10-47-52-380-Facebook.jpg,0,「可逆赫的生物通程」-TheNewsLens關材评百家,0.098021978,0,0,162,1,0,187,0,0,0,2022/8/9 10:47,332,0,0, ,209,"rgba(87,226,255,1)"
U3,2,1660013272000-2022-08-09-10-47-52-380-Facebook.jpg,1,"|我也要再次跟大家說,V英文Tsaking-wenoREIS大家晚安,明天就是週末,很多國人已經提前返郑過父親節。,我們守崗,但是的國軍弟兄姊妹,為了因應中國在台海的軍演威脅,此刻,全體國軍正不分五夜、堅位守護我們的國家。從昨天起,中國在台灣周邊,世界最繁忙的國際軌道上,進行實彈射擊等軍事威脅行動,這是不負責任的做法;鄰近的日本經濟水域,也遭受到飛彈的侵擾。,任何一個负责我們已經然正要求中國理性日制任的區域成員,都不應核破壞區域的和平穩定。面對端種無端而起的軍事威脅,國際社會正高度|關切,3應對,一段女,保持政府已做好完整應人發球的安",0.641978022,0,0,163,0,1,0,0,0,0,2022/8/9 10:47,333,0,0, ,209,"rgba(135,206,255,1)"
U3,2,1660013274000-2022-08-09-10-47-54-380-Facebook.jpg,0,,0.051318681,0,0,162,0,0,187,0,0,0,2022/8/9 10:47,334,0,0, ,210,"rgba(87,226,255,1)"
U3,2,1660013274000-2022-08-09-10-47-54-380-Facebook.jpg,1,"AM英文TsaiIng-wen大家晚安,明天就是蝟末,很多國人已經提前返o#1604郑紐父親節。但是,我們的國眾弟兄姊妹,為了因應中國在台軍正不分體視、整國海的兩演威脅,此刻,全國家。守岗位,守護我們的從昨天起,中國在台灣與線,世界最繁忙的國際航道上行實彈射擊等軍事威脅行動,這是不,進負責任的做法;鄰近的日本經濟水域,也遭受到飛性。彈的便經是正要求中國理性自制,任何一個負責任的區域成员,都不應玻破壞區域的和平穩定。端而起的軍事威脅,國際社會正高度我們已面對這種無猪切。原「我也要再次跟大家說,政府已做好完整應變車備、國軍也正全力應對,一定可以確保國人的安全。請大家安心保持冷靜,如常生活。常的生活不是往天上掉下来的表全體成人,深深感謝第一線的國軍弟兄姊妹,也請全韓國人,給我們的同里的支持。如,我要代體X",0.688681319,0,0,163,0,1,0,0,0,0,2022/8/9 10:47,335,0,0, ,210,"rgba(135,206,255,1)"
U3,2,1660013275000-2022-08-09-10-47-55-380-Facebook.jpg,0,,0.044450549,0,0,162,0,0,187,0,0,0,2022/8/9 10:47,336,0,0, ,211,"rgba(87,226,255,1)"
U3,2,1660013275000-2022-08-09-10-47-55-380-Facebook.jpg,1,"但是,我們Ao英文Tsaiingwen8140大家晚安,明天就是情來。很多國人已經提前退郑班父親節。海的軍演威脅,此刻,全體守岗位,守護我們的國家從昨天起,中國在台灣問邊,世界最繁忙的圆限航道上進行實彈射擊等軍事成行動,這是不負責任的做法;鄰近的日本經濟水域,也遭受到擾,飛彈的侵。我們已經是正要求中國理性自制,任何一個負責任的區域成員,都不應接破壞區域的和平穩定。無端而起的軍事威脅,國際社會正离度面對這種關切。「我也要再次跟大家說,政府已做好完整應變車備,國軍也正全力應對,一定可以確保國人的安全。請大家安心冷靜,如常生活,保持。,如常的生活不是從天上掉下來的我要代表全體因人,深深感謝第一線的國軍弟兄姊妹,也請全的國軍弟兄姊妹,為國軍正不分貴皮、堅了因應中國在台",0.695549451,0,0,163,0,1,0,0,0,0,2022/8/9 10:47,337,0,0, ,211,"rgba(135,206,255,1)"
U3,2,1660013276000-2022-08-09-10-47-56-380-Facebook.jpg,0,"經過父額站。但是,我們的國軍弟兄姊妹,為了因應中國在台軍演威全體國軍正不分晝夜,堅海的脅,此刻,守尚位,守蹤我們的國家,從昨天起,中國在台灣周邊,世界最繁忙的國際軌道上,進行實彈射擊等軍事威發行動,這是不負責任的做法;鄰近的日本經濟水域,也遭受到飛彈的侵擾。我們已經嚴正要求中國理性自制。任何一個負責任的區域成員,相不應該破境區域的和平穩定。這種無端軍事威醫國際社會正高度面對而起的,全。請大家安心,保持冷静,如我也要再次跟大家說,政府已做好完整應變準備,國軍也正全力應對,一定可以確保國人的安常生活。如常的生活不是從天上掉下來的,我要代表全體「獨人,深深謝第一線的國軍弟兄籌妹,也請全國人,給我們的聽攤軍最大的支勝。面對困難艱險,我們絕不退縮。捍衛主權,守護美麗家園,是我們不變的堅持;每一次面對挑:戰,都讓我們更為團結,更加堅韌。現在,我們要再一次購結一起,共同守護我們的國家,守護",0.74,0,0,163,0,1,0,0,0,0,2022/8/9 10:47,338,0,0, ,212,"rgba(135,206,255,1)"
U3,2,1660013277000-2022-08-09-10-47-57-380-Facebook.jpg,0,"全如備聽来源我們任的關切|我也國、常的面對這種人。要已經嚴生區域成員,活不是但是,我們的國軍弟兄姊妹,為了因應中國在台海的軍演威脅,此刻,全體國軍正不分晝夜,堅守風位,守我們的國家。從昨天起,中國在台灣周邊,世界最繁忙的國際航道上,進行實彈射擊等軍事威脅行動,這是不的做法;鄰近的日本經濟水線,也請受到負責任的符号。給我們的「個人,深深感謝第一線的國軍弟兄姊妹,也請全線。戰,面對困難超險,我們絕不退場。捍衛主權,守護美麗家園,是我們不貸的堅持;每一次面對挑都讓我們更有團結,更加堅韌。現在,我們要再一次團結一起,共面守護段們的國家,守護再次跟大家說,政府國1一定可軍也正全力應對,一次,以確保國人的安大家安心,保持冷静、如常生活。。請,都不後天上掉柄端而起的軍事威醫,國際社會正高度正要求中國理性自制,任何一個負責國軍應最大的质破下壞區來的已恰支域,我好完整應變準的和平要代表穩定。全體",0.74,0,0,163,0,1,0,0,0,0,2022/8/9 10:47,339,0,0, ,213,"rgba(135,206,255,1)"
U3,2,1660013280000-2022-08-09-10-48-00-380-Facebook.jpg,0,"守岗位,守護我們但是,我們的國軍弟兄姊妹,為了因應中國在台海的軍演威脅,此刻,全體國軍正不分晝夜、堅從昨天起,中國在台灣問邊,世界最繁忙的國際|軌道上,進行實彈射擊等軍事威舜行動,這是不負責任的做法;鄰近的日本經酒水域,也遭受到飛彈的侵擾。我們已經是正要求中國理性自制,任何一個負責任的區域成員,都不應法破壞區域的和平锁定。面對這種無端而起的軍事威脅,國際社會正高度猪切可跟,政府已做我也要再次大家說好光醫應要求:備、國軍也正全力應對,一定可以確保國人的安全。請大家安心保持冷靜、如常生活。如常的生活不是從天上掉下來的,我要代表全體國人,深深感謝第一線的國軍弟兄姊妹,也請全韓國人,給我們的圍里最大的支持。面對困難艱險,我們絕不退縮,捍衛主權,守護美麗家園,是我們不變的堅持;每一次面對挑戰,都讓我們更為團結,更加堅韌。現在,我們家守護要再一次購結一起,共同守護我們的國,的國家。",0.74,0,0,163,0,1,0,0,0,0,2022/8/9 10:48,340,0,0, ,214,"rgba(135,206,255,1)"
U3,2,1660013281000-2022-08-09-10-48-01-380-Facebook.jpg,0,"守崗位,守護我們的國。家從昨天起,中國在台灣周邊,世界最繁忙的國際進行實彈射部等軍事威發動,這是不負責任的做法;鄰近的日本經濟水線,也遭受到,道上,行飛彈的侵擾。我們已經嚴正要求中國理性白制,任何一個负责|都不應該破壞區域的和平稳定。此對這種無端而起的軍事威脅,國際社會正高度任的區域成員,關切,金請大家安心,保持冷靜、如。我也要再次戲大家說,政府已做好完整應變準備、國軍也正全力應對,一定可以確保國人的安常生活如常的生活不是谷天上掉下來的,我要代表全體國人,深深祝胞第一線的國軍弟兄姊妹,也請全這國人,給我們的國軍最大的支持。權面對困難超險,我們絕不退坡。捍衛主是我們不美麗家園,變的堅持;每一次。現在,我們戰,都讓我們更為團結,更加堅固要再一次團結一起,共同守護我們的國家,守護我們的民主。影片來源:國防發言。正確一次面面时料,守護报",0.74,0,0,163,0,1,0,0,0,0,2022/8/9 10:48,341,0,0, ,215,"rgba(135,206,255,1)"
U3,2,1660013282000-2022-08-09-10-48-02-380-Facebook.jpg,0,"軌道上從昨天起,負責任的做法飛彈的侵擾。,進活不是行實彈性白制,任何一個負責任的我們已經嚴正要求中國理成員,都不應該破壞區域的和平穩定。面對這種丽瑜代起的軍事威脅,國際社會正高度區域關切。次我也要再跟大家說,政府已做好完整應變準:軍也正全力應對,一定可以被保固人的安全。請大家安心,保持冷静、如常生活。備、國如常的生個人,深深成康第一線的國軍弟兄姊妹,也請全|經國人,給我們的國軍最大的支持。查數,都對困難超險,我們絕不退縮。捍衛主權,守護美麗家園,是我們不變的堅持;每一次面對挑更為圖貼更加堅韌現在,我們要再一次團結一起,共同守護我們的國家,守族讓我們,。我們的民主。發的台中國在台灣問邊從天上射舉等;鄰近的日本經濟水域,也遭受到言掉人軍下來的。正,世界事威脅行動確最繁,我要代表忙,的這是不全體國際",0.74,0,0,163,0,1,0,0,0,0,2022/8/9 10:48,342,0,0, ,216,"rgba(135,206,255,1)"
U3,2,1660013287000-2022-08-09-10-48-07-380-Facebook.jpg,0,"事動全請大影片來源飛彈的侵擾生家訊息,請關注活不家安:國防。一寸两级寸滑板TION,從昨天起,中國在台灣周邊,世界最陈道上,進行實彈射舉等軍事威脅行動,這是不繁忙的國際負責任的做法;鄰近的日本經濟水,也遭受到我們已經嚴正要求中國理性白制,任何一個負責任的區域成員,都不應該破壞區域的和平穩定。代起的軍事威脅,國際社會正高面對這種病度果。應變準|我也要再次跟大家說,政府已做好完整、國軍也正全力應對,一定可以確保國人的安備如常的國人,深深感大廠,也請全|韓國人。面對困難財險,我們絕不退塊,摩衛主權,守護美麗家園,是我們不變的堅持;每一次面對挑我們更為團結,更加堅韌。現在,我們要再一次團結一起,共同守讓我們的國家,守護戰,都讓我們的民主。部是從天上掉下發心保持冷静,如常生活。國言人。防部發言人教會。來正確的的,我要代表全體台海周邊單",0.74,0,0,163,0,1,0,0,0,0,2022/8/9 10:48,343,0,0, ,217,"rgba(135,206,255,1)"
U3,2,1660013289000-2022-08-09-10-48-09-380-Facebook.jpg,0,"事動要再一次團結一我們的民主。我們已經超正要態訊息,請負責任的做法;鄰近的日本經濟水域,也遭受到飛彈的侵擾。求中國理性自制。任何一個負責任的區域成員,都不應該破壞區域的和平穩定,我對這種無地而起的軍事威脅,國際社會正高度關切。「我也要再次默大家說,政府全。請大家安心,保持冷静,常生已做好完整感光单備,國軍也正全力應對,一定可以確保國人的安如活。如常的生活不是從天上掉下來的,我要代表全體國人,深深經與第一線的國軍弟兄姊妹,也請全體國人,給我們的國軍最大的支持。面對困難超險,我們絕不退場,捍衛主權,守護美麗家園,是我們不變的堅持;每一次面對挑戰,都讓我們更為團結,更加堅韌。現在,我們影片來源:國防部發言人。正確的台海周邊軍。關注起,共同守護我們的國家,國防部發言人臉書守護",0.74,0,0,163,0,1,0,0,0,0,2022/8/9 10:48,344,0,0, ,218,"rgba(135,206,255,1)"
U3,2,1660013290000-2022-08-09-10-48-10-380-Facebook.jpg,0,"飛彈的來源侵擾。不:國防如影片事動图訊息,請關注國防部發言人臉書。我們已經嚴正要求中國環性白制,任何一個負責任的區域成員,都不應該破壞富城的和平穩定。面對這種無端而起的軍事威脅,國際社會距离度關切。我也要再次跟大家說,政府已做好光整應從準備、國軍也正全力應對,一定可以確保個人的安全。請大家安心保持冷靜、如常生活。如常的生活單在天上掉下来的國人,深深成謝第一線的國軍弟兄姊妹,也請全體而人,給我們的团里最大的支持。挑面對困難艱險,我們絕不退縮。捍衛主權,守護美解家爾,是我們不變的堅持;每一次面對戰,都讓我們更為團結更加堅韌。現在要再一次團結一起,共同守護我們的國家,守護,,我們我們的民主。發言人。正確,的我台要代海周德軍表全體",0.74,0,0,163,0,1,0,0,0,0,2022/8/9 10:48,345,0,0, ,219,"rgba(135,206,255,1)"
U3,2,1660013291000-2022-08-09-10-48-11-380-Facebook.jpg,0,"燈國人事動態訊息。我們已經嚴正要求中國理性白别。任何一個負責任的隱域成員,都不應該破壞器域的和平穩定。而战的軍事威脅,國際社會正高度面對逃種無端我也要再次殿大家說,政府已做好完整感情很備、國軍也正全力應對,一定可以確保個人的安冷静,如全。請大家安心,保持常生活。如常的生活不是從天上掉下来的,我要代表全體第一線的國軍弟兄姊妹,全國人,深深也請,給我們的國軍最大的支持。面對困難艱險,我們絕不退縮。捍衛主權,守護麗家圖,是我們不變的堅持;每一次面對挑戰,都讓我們更為團結,更加堅韌。現在,我們美要再一次團結一起,共同守護我們的國家,守護我們的民主。n",0.74,0,0,163,0,1,0,0,0,0,2022/8/9 10:48,346,0,0, ,220,"rgba(135,206,255,1)"
U3,2,1660013292000-2022-08-09-10-48-12-380-Facebook.jpg,0,"要再我們的民主。潮一次購結一起,共同守護我們的國家,守護影片來語:國防部發言人。正確的台海周邊單車是雜訊息,請關注後防部發言人驗書。◎国家接打其他会员地人1.2萬則留言。201次分享一種被稱為甚草草棒的片假日期您",0.536208791,0,0,163,0,1,0,0,0,0,2022/8/9 10:48,347,0,0, ,221,"rgba(135,206,255,1)"
U3,2,1660013292000-2022-08-09-10-48-12-380-Facebook.jpg,1,"中國軍演,育林靜儀醫師运至堅尼新中DO昨天102.硬證「「事,就是日本有事』」。這是今日下午與日本友台議員會面時,自民聚會議員明確..查看更多實了安份前首相說的「台灣有",0.203791209,0,0,175,0,0,0,0,0,0,2022/8/9 10:48,348,0,0, ,221,"rgba(0,68,255,1)"
U3,3,1660013385000-2022-08-09-10-49-45-380-Facebook.jpg,0,10111-0502本週星座運勢出爐-https://trib.al/2Balizi一週星座運幸福2008-07-08/13VOGUE19Horoscope03勢排行榜,0.659835165,0,0,214,1,1,0,0,0,0,2022/8/9 10:49,349,0,0, ,222,"rgba(5,61,180,1)"
U3,3,1660013385000-2022-08-09-10-49-45-380-Facebook.jpg,1,4821240料林靜儀醫師溫柔堅定新中=0,0.080164835,0,0,215,0,0,80,0,0,0,2022/8/9 10:49,350,0,0, ,222,"rgba(0,68,255,1)"
U3,3,1660013386000-2022-08-09-10-49-46-380-Facebook.jpg,0,0101go道08/07-08/131FSOLE2本文分享。,0.331538462,0,0,214,1,0,0,0,0,0,2022/8/9 10:49,351,0,0, ,223,"rgba(5,61,180,1)"
U3,3,1660013386000-2022-08-09-10-49-46-380-Facebook.jpg,1,"园林靜儀顔師温柔堅定離中=o6月2日19:26裴洛西議長抵台,全球關注。國時接了三個幼間,一個來自土耳其,查看更多",0.408461538,0,0,215,0,1,80,0,0,0,2022/8/9 10:49,352,0,0, ,223,"rgba(0,68,255,1)"
U3,3,1660013387000-2022-08-09-10-49-47-380-Facebook.jpg,0,眼,0.081538462,0,0,214,1,0,0,0,0,0,2022/8/9 10:49,353,0,0, ,224,"rgba(5,61,180,1)"
U3,3,1660013387000-2022-08-09-10-49-47-380-Facebook.jpg,1,"育林靜儀醫師溫柔堅定新中3R2B1824裴洛西議長抵台,全球關注。臨時接了三個訪問。一個来自土耳其,查看更多◎七妇菸機日线和其他13人222家日-286次分服的眼ax",0.538461538,0,0,215,0,1,80,0,0,0,2022/8/9 10:49,354,0,0, ,224,"rgba(0,68,255,1)"
U3,3,1660013387000-2022-08-09-10-49-47-380-Facebook.jpg,2,0最现途體育家饮券18814002014年19歲青澀的精首登奧運舞台的場景相信大家應該還記得吧晚82點014索契冬奥精彩回查看更多顾,0.12,0,0,219,0,0,153,0,0,0,2022/8/9 10:49,355,0,0, ,224,"rgba(135,206,255,1)"
U3,3,1660013388000-2022-08-09-10-49-48-380-Facebook.jpg,0,"籤時接了三個訪問,一個來自土耳其,查看更多其低1.7萬人222期配器,236次分享",0.387857143,0,0,215,0,1,80,0,0,0,2022/8/9 10:49,356,0,0, ,225,"rgba(0,68,255,1)"
U3,3,1660013388000-2022-08-09-10-49-48-380-Facebook.jpg,1,"2014年19歲青澀的柱首登奧運舞台的場相信大景家應該還記得吧#明晚8點2014索契冬奧精彩园顧,由看更多INTOTHES跟爾涂體育家族1400-0",0.352142857,0,0,219,0,0,153,0,0,0,2022/8/9 10:49,357,0,0, ,225,"rgba(135,206,255,1)"
U3,3,1660013389000-2022-08-09-10-49-49-380-Facebook.jpg,0,"七旬老华自科技怡5.7級人222則留言,206次分家的调",0.146098901,0,0,215,0,0,80,0,0,0,2022/8/9 10:49,358,0,0, ,226,"rgba(0,68,255,1)"
U3,3,1660013389000-2022-08-09-10-49-49-380-Facebook.jpg,1,"2014年#明晚8點2011|設爾途體育家81410o首登奧運舞台的場景相信大OO-WWE和其林237人,9歲香港的柱4波契冬奥精彩回顧,查看更多HANYUYUZUR族子水家應坡還記K4機出售,1次分享得吧.x",0.56043956,0,0,219,0,1,153,0,0,0,2022/8/9 10:49,359,0,0, ,226,"rgba(135,206,255,1)"
U3,3,1660013389000-2022-08-09-10-49-49-380-Facebook.jpg,2,sonTechnews科技新報o,0.033461538,0,0,224,1,0,0,0,0,0,2022/8/9 10:49,360,0,0, ,226,"rgba(4,134,219,1)"
