user,qid,images,pid,context,n_main,percent,comment,outer_link,code_id,news,picture_number,keyword,biggest,typing,like,share,repeat
U21,4,1653883913000-2022-05-30-12-11-53-9-Facebook.jpg,0,"+
建立限時動態|楊采蓉
在想些什麼?
無所謂都隨便......
YanRuTsai
邱
",0,0.386835017,0,0,0,0,1,0,1,0,0,0,-1
U21,4,1653883913000-2022-05-30-12-11-53-9-Facebook.jpg,1,"?遊戲大亂鬥
11分鐘前
RNG:紅方有辦法突破BP劣勢
#MSI2022#RNG#訪問#命中注定投稿
i
Hot
MSI2022
總冠軍RNG專訪!?
x
",0,0.353164983,0,0,1,0,1,0,0,0,0,0,-1
U21,4,1653883914000-2022-05-30-12-11-54-9-Facebook.jpg,0,"無所謂都隨便.....
YanRuTsai
+
建立限時動態
楊采蓉
邱湧
",0,0.332121212,0,0,2,0,2,0,0,0,0,0,-1
U21,4,1653883914000-2022-05-30-12-11-54-9-Facebook.jpg,1,"遊戲大亂鬥
11分鐘前
RNG:紅方有辦法突破BP劣勢
#MSI2022#RNG#訪問#命中注定投稿
i
Hot
MSI2022
總冠軍RNG專訪!?
x
",0,0.407878788,0,0,1,0,2,0,1,0,0,0,-1
U21,4,1653883916000-2022-05-30-12-11-56-9-Facebook.jpg,0,"建立限時動態
|楊采蓉
無所謂都隨便.......
YanRuTsai
邱湧
",0,0.215959596,0,0,0,0,3,0,0,0,0,0,-1
U21,4,1653883916000-2022-05-30-12-11-56-9-Facebook.jpg,1,"遊戲大亂鬥
11
分鐘前
RNG:紅方
BP劣勢有辦法突破
#MSI2022#RNG#訪問#命中注定投稿
i
Hot
MSI2022
總冠軍RNG專訪!?
league-funny.com
【MSI2022】RNG聯訪:紅方有辦法突破BP劣
勢,雖然最後都沒
有贏
|
英雄聯盟
55
8則留言
x
",0,0.524040404,0,0,1,0,3,0,1,0,0,0,-1
U21,4,1653883917000-2022-05-30-12-11-57-9-Facebook.jpg,0,"無所謂都隨便.....
YanRuTsai
建立限時動態楊采蓉
邱灣
",0,0.196599327,0,0,2,0,4,0,0,0,0,0,-1
U21,4,1653883917000-2022-05-30-12-11-57-9-Facebook.jpg,1,"....
關遊戲大亂鬥
11分鐘前
RNG:紅
BP劣勢方有辦法突破
#MSI2022
#RNG#
訪
#問
命
中注定投稿
i
Hot
MSI2022
總冠軍RNG專訪!?
league-funny.com
【MSI2022】RNG聯訪:紅方有辦法突破BP劣
勢,雖然最後都沒
有
贏
|
英
雄
聯
盟
55
8則留言
x
",0,0.543400673,0,0,1,0,4,0,1,0,0,0,-1
U21,4,1653883918000-2022-05-30-12-11-58-9-Facebook.jpg,0,"+
建立限時動態|楊采蓉
無所謂都隨便
YanRuTsai
邱湧
",0,0.174713805,0,0,3,0,5,0,0,0,0,0,-1
U21,4,1653883918000-2022-05-30-12-11-58-9-Facebook.jpg,1,"遊戲大亂鬥
11分鐘前
RNG:紅方
有辦法
BP劣勢突破
#MSI2022
#RNG
#訪
問
#命
中注定投稿
i
Hot
MSI2022
總冠軍RNG專訪!關
league-funny.com【MSI2022】RNG勢,雖然最後都沒有
聯訪
:紅方有辦法突破BP劣聯盟
贏
|
英
雄
55
8則留言
...
x
",0,0.565286195,0,0,1,0,5,0,1,0,0,0,-1
U21,4,1653883919000-2022-05-30-12-11-59-9-Facebook.jpg,0,"YanRuTsai
建立限時動態楊采蓉
邱灣
",0,0.134309764,0,0,4,0,6,0,0,0,0,0,-1
U21,4,1653883919000-2022-05-30-12-11-59-9-Facebook.jpg,1,"遊戲大亂鬥●
11
分
鐘
前
勢
RNG:紅方BP劣有辦法突破#命中注定投稿
#MSI2022
#RNG
#訪問
Hot
MSI2022
總冠軍RNG專訪!?
league-funny.com
【MSI2022】RNG聯訪:紅方有辦法突破BP劣勢,雖然最後都沒有
贏
|英雄
聯
盟
55
8則留言
留言
分享
讚
x
",0,0.605690236,0,0,1,0,6,0,1,0,0,0,-1
U21,4,1653883920000-2022-05-30-12-12-00-9-Facebook.jpg,0,"YanRuTsai
建立限時動態楊采蓉
",0,0.135151515,0,0,4,0,7,0,0,0,0,0,-1
U21,4,1653883920000-2022-05-30-12-12-00-9-Facebook.jpg,1,"遊戲大亂鬥
11分鐘
前
RNG:紅
方
BP劣勢有辦法突破
#MSI2022
#RNG
#訪
問
#命
中注定投稿
i
Hot
MSI2022
總冠軍RNG專訪!?
league-funny.com
【MSI2022】RNG聯訪:紅方有辦法突破BP劣勢,雖然最後都沒有
贏
|英雄
聯盟
55
8則留言
留言
分享
讚
",0,0.604848485,0,0,1,0,7,0,1,0,0,0,-1
U21,4,1653883922000-2022-05-30-12-12-02-9-Facebook.jpg,0,"林子勤
說
紅
1勝
出
有方法但是沒贏,表示可能還是有難度,EG方贏T1那場根本T1自己送去的3分鐘讚回覆BP劣勢但我紅方有辦法突破們沒辦法剛剛讚回覆
♁頭號粉絲
歐騰
駿
RNG:
李庭宇
bp沒裂就是
6分鐘
選手裂開==讚回覆李庭宇T1就是自己裂開太多次才打這麼....加油RNG,下年MSI再見2分鐘讚回覆
LaiAnson
所
KaiJhan以RNG也是運氣好,多一場藍方8分鐘讚回覆蔡??好气哦~居然?了
2
",2,0.74,1,0,5,0,8,0,1,0,0,0,-1
U21,4,1653883923000-2022-05-30-12-12-03-9-Facebook.jpg,0,"林子勤
1
勝
出
去
的
♁頭號粉絲
歐
們
沒
辦法
bp
說有方法但是沒贏,表示可能還是有難度,EG紅方贏T1那場根本T1自己送3分鐘讚回覆騰駿RNG:紅方有辦法突破BP劣勢但我剛剛讚回覆李庭宇沒裂就是選手裂開==6分鐘讚回覆李庭宇T1就是自己裂開太多次才打這麼LaiAnson油RNG,下年MSI再見讚回覆以RNG也是運氣好,多一場藍方8分鐘讚回覆2蔡??好气哦~居然?了
加
2分鐘
KaiJhan
所
",2,0.74,1,0,5,0,9,0,1,0,0,0,-1
U21,4,1653883924000-2022-05-30-12-12-04-9-Facebook.jpg,0,"說
有
林子勤方法但是沒贏,表示可能還是有難度,EG紅方贏T1那場根本T1自己送3分鐘讚回覆
1
勝
出
去
的
♁頭號粉絲
RN
李庭宇
bp沒
歐騰駿BP劣勢但我G:紅方有辦法突破們沒辦法剛剛讚回覆裂就是選手裂開==讚回覆李庭宇T1就是自己裂開太多次才打這麼....LaiAnson下年MSI再見2分鐘讚回覆所以RNG也是運氣好,多一場藍方
6分鐘
加
油RNG,
KaiJhan
8分鐘讚回覆
2
蔡?
?
T1居然?了好气哦~
",2,0.74,1,0,5,0,10,0,1,0,0,0,-1
U21,4,1653883925000-2022-05-30-12-12-05-9-Facebook.jpg,0,"說
是
有
1
勝
出
去
的
林子勤有方法但是沒贏,表示可能還難度,EG紅方贏T1那場根本T1自己送3分鐘讚回覆RNG:紅方有辦法突破BP劣勢但我們沒辦法剛剛讚回覆
@頭號粉絲
歐
騰
駿
李庭宇
bp
沒裂
就是
=選手裂開=
6分鐘讚回覆李庭宇T1就是自己裂開太多次才打這麼....
LaiAnson
加
油RNG,
下年MSI再見2分鐘讚回覆所以RNG也是運氣好,多一場藍方8分鐘讚回覆
KaiJhan
26
蔡??
T1居然?了好气哦~
",2,0.74,1,0,5,0,11,0,1,0,0,0,-1
U21,4,1653883926000-2022-05-30-12-12-06-9-Facebook.jpg,0,"說
林子勤有方法但是沒贏,表示可能還是有難度,EG紅方贏T1那場根本T1自己送的3分鐘讚回覆
1
勝
出
去
♁頭號粉絲
RNG:
李庭
宇
bp沒裂就是
歐騰駿BP劣勢但我紅方有辦法突破們沒辦法剛剛讚回覆選手裂開==6分鐘讚回覆李庭宇T1就是自己裂開太多次才打這麼LaiAnson加油RNG,下年MSI再見讚回覆所以RNG也是運氣好,多一場藍方8分鐘讚回覆蔡??好气哦~居然?了
2分鐘
KaiJhan
21
T
1
5分鐘
讚
回覆
",2,0.74,1,0,5,0,12,0,1,0,0,0,-1
U21,4,1653883927000-2022-05-30-12-12-07-9-Facebook.jpg,0,"1
勝
出
去
RNG:
bp
沒裂
就是
?頭號粉絲歐騰駿BP劣勢但我紅方有辦法突破們沒辦法剛剛讚回覆李庭宇選手裂開==6分鐘讚回覆李庭宇T1就是自己裂開太多次才打這麼LaiAnson加油RNG,下年MSI再見鐘讚回覆所以RNG也是運氣好,多一場藍方8分鐘讚回覆
2分
KaiJhan
26
蔡??
T
1居然
?了
好气哦~
5分鐘讚
回
覆
",2,0.74,1,0,5,0,13,0,1,0,0,0,-1
U21,4,1653883928000-2022-05-30-12-12-08-9-Facebook.jpg,0,,2,0.007205387,1,0,5,0,14,0,1,0,0,0,-1
U21,4,1653883928000-2022-05-30-12-12-08-9-Facebook.jpg,1,"1
勝
出
去的
3分鐘讚回覆
♁頭號粉絲
歐騰
駿
RNG:紅方有辦法突破BP劣勢但我們沒辦法讚回覆
剛剛
李庭宇
bp
沒裂
就是
2分鐘
選手裂開==7分鐘讚回覆李庭宇T1就是自己裂開太多次才打這麼LaiAnson加油RNG,下年MSI再見回覆讚所以RNG也是運氣好,多一場藍方8分鐘讚回覆蔡??好气哦~居然?了5分鐘讚
KaiJhan
2
T
1
回覆
",2,0.732794613,1,0,5,0,14,0,1,0,0,0,-1
U21,4,1653883929000-2022-05-30-12-12-09-9-Facebook.jpg,0,"O
1
出
RNG:
答44G+647%)林子勤說有方法但是沒贏,表示可能還難度,EG紅方贏T1那場根本T1自己送勝去的3分鐘讚回覆♁頭號粉絲歐騰駿BP劣勢但我紅方有辦法突破們沒辦法剛剛讚回覆選手裂開==7分鐘讚回覆李庭宇T1就是自己裂開太多次才打這麼....LaiAnson下年MSI再見2分鐘讚回覆所以RNG也是運氣好,多一場藍方
李庭宇
bp
沒裂
就是
加
油RNG,
KaiJhan
8分鐘讚回覆
2
蔡?
?
T1居然?了好气哦~
5分鐘讚
回
覆
",2,0.74,1,0,5,0,15,0,1,0,0,0,-1
U21,4,1653883930000-2022-05-30-12-12-10-9-Facebook.jpg,0,"O
難度,EG紅方贏T1那場根本自己送出去的3分鐘讚回覆
歐騰
駿
李庭宇
bp
沒裂
就是
♁頭號粉絲RNG:紅方有辦法突破BP劣勢但我們沒辦法剛剛讚回覆選手裂開==7分鐘讚回覆李庭宇T1就是自己裂開太多次才打這麼....下年MSI再見2分鐘讚回覆所以RNG也是運氣好,多一場藍方回
LaiAnson
加
油RNG,
KaiJhan
8分鐘讚
覆
2
蔡??
T
1
居然
好气哦~?了5分鐘讚回覆
♁頭號粉絲
詹
書豪
",2,0.74,1,0,5,0,16,0,1,0,0,0,-1
U21,4,1653883931000-2022-05-30-12-12-11-9-Facebook.jpg,0,"♁頭號粉絲
歐騰
駿
",2,0.058552189,1,0,5,0,17,0,1,0,0,0,-1
U21,4,1653883931000-2022-05-30-12-12-11-9-Facebook.jpg,1,"RNG:
剛剛讚
回覆
李庭宇
bp
沒裂
回覆BP劣勢但我紅方有辦法突破們沒辦法就是選手裂開==7分鐘讚回覆李庭宇T1就是自己裂開太多次才打這麼...LaiAnson加油RNG,下年MSI再見以RNG也是運氣好,多一場藍方8分鐘讚回覆
2分鐘
讚
回覆
KaiJhan
所
2
蔡??
T
1居然?了
好
气哦~
5分
讚回鐘覆詹書豪己紅方也是輸,在那邊嘴
?頭號粉絲
自
9分鐘讚回覆
16
",2,0.681447811,1,0,5,0,17,0,1,0,0,0,-1
U21,4,1653883932000-2022-05-30-12-12-12-9-Facebook.jpg,0,"們
沒
辦
李庭宇
bp
沒裂
就是
N4G+147%回覆RNG:紅方有辦法突破BP劣勢但我法剛剛讚回覆=選手裂開=7分鐘讚回覆李庭宇T1就是自己裂開太多次才打這麼下年MSI再見是運氣好,多一場藍方8分鐘讚回覆
LaiAnson
加油RNG,
2分
鐘
讚回覆
KaiJhan
所
以R
N
G也
2
蔡?
?
T1居然?了
好气哦~
5分鐘讚回覆♁頭號粉絲詹書豪自己紅方也是輸,在那邊嘴回覆
9分鐘讚
16
",2,0.74,1,0,5,0,18,0,1,0,0,0,-1
U21,4,1653883933000-2022-05-30-12-12-13-9-Facebook.jpg,0,"居然
♁頭號粉絲
歐騰駿
們
沒
辦法
剛剛讚回覆
李
庭宇
bp沒裂就是
7分鐘
RNG:紅方有辦法突破BP劣勢但我選手裂開==讚回覆李庭宇T1就是自己裂開太多次才打這麼...LaiAnson下年MSI再見回覆所以RNG也是運氣好,多一場藍方
加油RNG,
2分鐘
讚
KaiJhan
8分鐘讚回覆
2
蔡??
T1
?了
好气哦~
5分鐘
讚回覆◆頭號粉絲詹書豪自己紅方也是輸,在那邊嘴回覆讚
9分鐘
16
",2,0.74,1,0,5,0,19,0,1,0,0,0,-1
U21,4,1653883934000-2022-05-30-12-12-14-9-Facebook.jpg,0,"建立限時動態楊采蓉
YanRuTsai
撞
",0,0.135151515,0,0,6,0,20,0,0,0,0,0,-1
U21,4,1653883934000-2022-05-30-12-12-14-9-Facebook.jpg,1,"讚
遊戲大亂鬥
11分
鐘
前
RNG:紅方有辦法突破BP劣勢
#MSI2022#RNG#訪問#命中注定投稿
i
Hot
MSI2022
總冠軍RNG專訪!?
league-funny.com
:
紅方有辦法突破BP劣
【MSI2022】RNG聯訪勢,雖然最後都沒有贏
|英雄
聯
盟
58
8則留言
留言
分享
",0,0.604848485,0,0,1,0,20,0,1,0,0,0,-1
U21,4,1653883935000-2022-05-30-12-12-15-9-Facebook.jpg,0,"建立限時動態
|楊采蓉
YanRuTsai
邱湧
",0,0.0703367,0,0,7,0,21,0,0,0,0,0,-1
U21,4,1653883935000-2022-05-30-12-12-15-9-Facebook.jpg,1,"讚
?
遊戲大亂鬥
11分鐘前
RNG:紅
方
有辦法
BP劣勢突破
#MSI2022#RNG#訪問#命中注定投稿
i
Hot
MSI2022總冠軍RNG專訪!?
league-funny.com
【MSI2022】RNG聯訪:紅方有辦法突破BP劣勢,雖然最後都沒有贏|英雄聯
盟
58
8則留言
留言
分享
x
",0,0.625420875,0,0,1,0,21,0,1,0,0,0,-1
U21,4,1653883935000-2022-05-30-12-12-15-9-Facebook.jpg,2,"Yah
oo!奇摩新聞
x
新聞
",0,0.044242424,0,0,8,0,21,0,0,0,0,0,-1
U21,4,1653883936000-2022-05-30-12-12-16-9-Facebook.jpg,0,"【MSI2022】RNG聯訪:紅方有辦法突破BP劣勢,雖然最後都沒有贏|英雄聯盟8則留言
58
讚
留言
分享Yahoo!奇摩新聞鐘前日前二審才敗訴...真的是意外的驚喜!
新聞
2
5分
#蘇打綠#YENT
i
tw.news.yahoo.com
吳青
峰
拿回「蘇打綠」了!林暐哲突宣布放棄商標權...曝原因放下了
︰該
1,160
",0,0.74,0,0,9,1,22,Yahoo!奇摩,1,0,0,0,-1
U21,4,1653883937000-2022-05-30-12-12-17-9-Facebook.jpg,0,"58
8則留言
讚
分享
",0,0.126734007,0,0,9,0,23,0,0,0,0,0,-1
U21,4,1653883937000-2022-05-30-12-12-17-9-Facebook.jpg,1,"新聞
Yahoo!奇摩新聞x25分鐘前日前二審才敗訴...真的是意外的驚喜!
#蘇打綠#YENT
i
tw.news.yahoo.com
吳
青峰
拿
回「蘇打綠」了!林暐哲突宣布放棄標權...曝原因
商
︰該放下了
1,160
",0,0.613265993,0,0,9,1,23,Yahoo!奇摩,1,0,0,0,-1
U21,4,1653883938000-2022-05-30-12-12-18-9-Facebook.jpg,0,"分享
讚
留言
",0,0.084646465,0,0,9,0,24,0,0,0,0,0,-1
U21,4,1653883938000-2022-05-30-12-12-18-9-Facebook.jpg,1,"Ya
h
新聞oo!奇摩新聞◎日前二審才敗訴...真的是意外的驚喜!
25分鐘前
#蘇打綠#YENT
tw.news.yahoo.com吳青峰拿回「蘇打綠」了!林暐哲突宣布放棄標權...曝原因
商
︰該放下了
1,160
讚
63則留言,12次分享留言分享呂炯niusnews妞新霖、邱思蓉和賴世倫都說聞讚。
...
x
",0,0.655353535,0,0,9,1,24,tw.news.yahoo,1,0,0,0,-1
U21,4,1653883939000-2022-05-30-12-12-19-9-Facebook.jpg,0,"讚
留言
分享
",0,0.084646465,0,0,9,0,25,0,0,0,0,0,-1
U21,4,1653883939000-2022-05-30-12-12-19-9-Facebook.jpg,1,"新聞
25
Yahoo!奇摩新聞x分鐘前日前二審才敗訴..…真的是意外的驚喜!i
#蘇打綠#YENT
tw.news.yahoo.com
吳青峰拿回「蘇打綠」了!林暐哲突宣布放棄商標權...曝原因︰該放
下了
1,160
63則留言,12次分享讚留言分享呂炯霖、邱思蓉和賴世倫都說niusnews妞新讚。
...
聞
",0,0.655353535,0,0,9,1,25,Yahoo!奇摩,1,0,0,0,-1
U21,4,1653883940000-2022-05-30-12-12-20-9-Facebook.jpg,0,,0,0.002996633,0,0,9,0,26,0,0,0,0,0,-1
U21,4,1653883940000-2022-05-30-12-12-20-9-Facebook.jpg,1,"新聞
25
分
鐘
Yahoo!奇摩新聞x前日前二審才敗訴...真的是意外的驚喜!i
#蘇打綠#YENT
tw.news.yahoo.com
吳青
峰拿
回
「蘇
打綠」了!林暐哲突宣布放棄權...曝原因:該放下了
商標
1,160
63則留言?12次分享
分享
讚
留言呂niusnews妞新炯霖、邱思蓉和賴世倫都說聞讚。的niusnews妞新聞升級燕麥奶連輕盈口感也Levelup超美味
贊
助
...
",0,0.737003367,0,0,10,1,26,Yahoo!奇摩,1,0,0,0,-1
U21,4,1653883941000-2022-05-30-12-12-21-9-Facebook.jpg,0,"niusnews.com
香
醇
滑
順
6款特調飲
OatYa
Ya燕麥奶熱的Oat
,
享受口感輕盈
豐
1,160
讚
63則留言,12次分享留言分享呂炯霖、邱思蓉和賴世倫都說niusnews妞新x聞讚。niusnews妞新聞升級燕麥奶連輕盈口感也Levelup。拿鐵冰超美味
(
贊助
6款特調涼夏飲品
沙
可
可
單
喝
順口絲
滑
混搭香醇濃郁
...查看更多
OatYa
路人成發的
DAFDRINK
Newslightupdays
上車了嗎
?
|生活滋味
發...
潮
你
富
職人
",0,0.74,0,0,10,1,27,niusnews,1,0,0,0,-1
U21,4,1653883942000-2022-05-30-12-12-22-9-Facebook.jpg,0,"1,160
凸讚
分享
...
x
聞讚。
63則留言,12次分享留言呂炯霖、邱思蓉和賴世倫都說niusnews妞新niusnews妞新聞升級燕麥奶連輕盈口感也Levelup調涼夏飲品拿鐵冰沙可可超美味單喝順口絲滑混搭香醇濃郁...查看更多
C
贊助
6款特
OatYa
端人感要的
CATDRINK
NewslightUpdays
HINNOW.
OatYa
niusnews.com
奶
熱潮你
香醇滑順的OatYa燕麥享受口感輕盈
6款特調飲
,
豐
富
1,510
上
車了嗎?
滋味
|
生
活
發...
20則留言,18次分享
職人
",0,0.74,0,0,10,1,28,niusnews,1,0,0,0,-1
U21,4,1653883943000-2022-05-30-12-12-23-9-Facebook.jpg,0,"niusnews.com
香
6款特調
1,510
OatYa
Set
Ya燕麥奶醇滑順的Oat
飲
,
享受口感輕
盈
留言
讚
呂
...
聞讚。
分享niusnews妞新炯霖、邱思蓉和賴世倫都說niusnews妞新聞升級燕麥奶連輕盈口感也Levelup可超美味
贊助
6款特調
涼夏
飲
拿鐵品
冰
沙
可
?
混單喝順口絲滑
搭香醇濃
郁
...查看更多
OatYa
期人感者的
OATDRINK
NewslightUpdays
熱潮
豐
富
你
上車了嗎?職人
|生活滋味
發...
20則留言?18次分享
分享
",0,0.731111111,0,0,10,1,29,niusnews,1,0,0,0,-1
U21,4,1653883943000-2022-05-30-12-12-23-9-Facebook.jpg,1,,0,0.008888889,0,0,11,0,29,0,0,0,0,0,-1
U21,4,1653883944000-2022-05-30-12-12-24-9-Facebook.jpg,0,"讚
niusnews.com
奶
熱潮你上車
了
嗎
?
職人
香醇滑順的OatYa燕麥享受口感輕盈
6款特調飲
,
豐
|生活發...富滋味
1,510
留言
20則留言,18次分享
分享
",0,0.281616162,0,0,11,1,30,niusnews,0,0,0,0,-1
U21,4,1653883944000-2022-05-30-12-12-24-9-Facebook.jpg,1,"Camby
wwwww
有笑有讚
C
11小時
前
摸過的終身難忘
圖/IVA
MADEN
Dinero
@infamous_dinero
有人知道這是什麼東西嗎?
翻/製:TIVANMADE
",0,0.458383838,0,0,12,0,30,0,1,0,0,0,-1
U21,4,1653883945000-2022-05-30-12-12-25-9-Facebook.jpg,0,"讚
1,510
20則留言,18次分享
分享
",0,0.122525253,0,0,13,0,31,0,0,0,0,0,-1
U21,4,1653883945000-2022-05-30-12-12-25-9-Facebook.jpg,1,"www
有笑有讚
11小時前
摸過
的終
身
難忘
圖/IVANMADE
Dinero
@infamous_dinero
有人知道這是什麼東西嗎?
TheMel
@themelaniedione.
這
東
西
足
以
讓
那
心過強
的
孩子們上一堂
些獨自待在
/製:IVANMADE
車
上
好奇
終身難
忘的課
x
",0,0.617474747,0,0,12,0,31,0,1,0,0,0,-1
U21,4,1653883946000-2022-05-30-12-12-26-9-Facebook.jpg,0,"摸過的終身難忘
圖/IVA
MADEN
Dinero
@infamous_dinero
有人知道這是什麼東西嗎?
翻/製:IVANMADE
TheMel
@themelaniedione
待
在
車上
好
奇
這東西足以讓那些獨自過強的孩子們上一堂
心
終身難忘的課
276
49則留言,11次分享
讚
留言
分享
",0,0.72016835,0,0,12,0,32,0,1,0,0,0,-1
U21,4,1653883946000-2022-05-30-12-12-26-9-Facebook.jpg,1,"...
",0,0.01983165,0,0,14,0,32,0,0,0,0,0,-1
U21,4,1653883947000-2022-05-30-12-12-27-9-Facebook.jpg,0,"圖/IVANMADE
Dinero
@infamous_dinero
有人知道這是什麼東西嗎?
翻/製:1VANMADE
TheMel
@themelaniedione
這
東
車上
好奇
西足以讓那些獨自待在過強的孩子們上一堂
心
終身難忘的課
276
49則留言,11次分享
讚
留言
分享
",0,0.678080808,0,0,12,0,33,0,1,0,0,0,-1
U21,4,1653883947000-2022-05-30-12-12-27-9-Facebook.jpg,1,,0,0.061919192,0,0,14,0,33,0,0,0,0,0,-1
U21,4,1653883948000-2022-05-30-12-12-28-9-Facebook.jpg,0,"這東
心
過強
276
TheMel
@themelaniedione
西足以讓那些獨自待
的孩子們
上一
堂
在
車上好奇
終身難忘的課
49則留言,11次分享
讚
留言
分享
",0,0.467643098,0,0,14,0,34,0,1,0,0,0,-1
U21,4,1653883948000-2022-05-30-12-12-28-9-Facebook.jpg,1,"多
發展這塊啊?
xTOTechOrange科技報橘刺?客.BE15:10O歐洲的新創公司數量大爆炸!台灣是不是也要多#MacronPr?sident
i
",0,0.272356902,0,0,15,1,34,TechOrange科技報橘,0,0,0,0,-1
U21,4,1653883949000-2022-05-30-12-12-29-9-Facebook.jpg,0,"這東
西
足以讓那些獨自待在車上好奇孩子們上一終身難忘的課
心過強
的
堂
6276
49則留言,11次分享
讚
留言
分享
",0,0.231111111,0,0,14,0,35,0,0,0,0,0,-1
U21,4,1653883949000-2022-05-30-12-12-29-9-Facebook.jpg,1,"...
料酒配燒
xTOTechOrange科技報橘歐洲的新創公司數量大爆炸!台灣是不是也要多
PE15:10
多發展這塊
啊?
i
#MacronPr?sident
17AVRIL2017
buzzorange.com
La
宏
FrenchTech要完整台法創新平台!馬克如何翻轉新創生態系,達到千億歐元願景?...」2則留言?3次分享
35
",0,0.508888889,0,0,15,1,35,TechOrange科技報橘,1,0,0,0,-1
U21,4,1653883950000-2022-05-30-12-12-30-9-Facebook.jpg,0,"的
276
49則留言,11次分享
讚
留言
分享
",0,0.174713805,0,0,14,0,36,0,0,0,0,0,-1
U21,4,1653883950000-2022-05-30-12-12-30-9-Facebook.jpg,1,"科拉格酒
xTOTechOrange科技報橘歐洲的新創公司數量大爆炸!台灣是不是也要多
PF15:10
多發展這塊啊?
i
#MacronPresident
17AVRIL2017
buzzorange.com
La
FrenchTech
要
平
台!馬克宏
完整台法創新如何翻轉新創生態系,達到千
億
歐元願景?」...
35
2則留言?3次分享
讚
留言
分享
",0,0.565286195,0,0,15,1,36,TechOrange科技報橘,1,0,0,0,-1
U21,4,1653883951000-2022-05-30-12-12-31-9-Facebook.jpg,0,"心過強的
276
49則留言,11次分享
讚
留言
分享
",0,0.174713805,0,0,14,0,37,0,0,0,0,0,-1
U21,4,1653883951000-2022-05-30-12-12-31-9-Facebook.jpg,1,"科技出版
PF15:10
TOTechOrange科技報橘歐洲的新創公司數量大爆炸!台灣是不是也要多
多發
展
這塊啊?
i
#MacronPr?sident
17AVRIL2017
buzzorange.com
LaFrenchTech
要
完整台
法創
新
如何翻轉新創生態系,達到千
億
35
讚
留言
平
台!馬
克
宏
歐元願景?」.
**
2則留言?3次分享
分享
",0,0.565286195,0,0,15,1,37,TechOrange科技報橘,1,0,0,0,-1
U21,4,1653883952000-2022-05-30-12-12-32-9-Facebook.jpg,0,"心過強
276
的
孩子們上一堂終身難忘的課
49則留言,11次分享
讚
留言
分享
",0,0.174713805,0,0,14,0,38,0,0,0,0,0,-1
U21,4,1653883952000-2022-05-30-12-12-32-9-Facebook.jpg,1,"x
BE15:10O
TOTechOrange科技報橘數量大爆炸!台灣是不是也要多
歐洲的新創公司
多發
展這塊啊?
i
#MacronPr?sident
17AVRIL2017
buzzorange.com
要
35
2則留言?3次分享
LaFrenchTech完整台法創新平台!馬克宏如何翻轉新創生態系,達到千億歐元願景?」...瓜避加藤軍台灣粉絲團2.0
讚
分享
",0,0.565286195,0,0,15,1,38,TechOrange科技報橘,1,0,0,0,-1
U21,4,1653883954000-2022-05-30-12-12-34-9-Facebook.jpg,0,"心過強的
276
孩子們上一堂
終身難忘的課
49則留言,11次分享
讚
留言
分享
",0,0.174713805,0,0,14,0,39,0,0,0,0,0,-1
U21,4,1653883954000-2022-05-30-12-12-34-9-Facebook.jpg,1,"x
PF15:10
TOTechOrange科技報橘公司數量大爆炸!台灣是不是也要多
歐洲的新創
多發
展這塊
啊?
i
#MacronPr?sident
TYAVRIL10:
buzzorange.com
La
FrenchTech要完整台法創新平台!馬克宏如何翻轉新創生態系,達到千億歐元願景?」...
35
2則留言?3次分享
讚
留言
分享
",0,0.565286195,0,0,15,1,39,TechOrange科技報橘,1,0,0,0,-1
U21,4,1653883955000-2022-05-30-12-12-35-9-Facebook.jpg,0,,1,0.74,0,1,16,0,40,0,1,0,0,0,-1
U21,4,1653883956000-2022-05-30-12-12-36-9-Facebook.jpg,0,,1,0.74,0,1,16,0,41,0,1,0,0,0,-1
U21,4,1653883957000-2022-05-30-12-12-37-9-Facebook.jpg,0,,1,0.74,0,1,16,0,42,0,1,0,0,0,-1
U21,4,1653883958000-2022-05-30-12-12-38-9-Facebook.jpg,0,"創業故事新人才
新投資
完
整台法
創
新平
LaFrenchTech要台!馬克宏如何翻轉新創生態系,
達
到
千億
歐
元願
景?
2022-05-25
2021年法國總統
年25
馬克宏曾對外表示,2025間獨角獸新創,而這目標在今會孕育出年早已達到。就在今年馬克宏又說:「2030
歐洲
,
年,總共
10家市值達1000億歐元的會有超過
企
業。」
如今,歐
洲
擁
有
的
獨
角
獸
公
司市值達千億
美
元,更
重
要
的
是獨角獸企業數量已超過中國,
還
26家達到有
所
謂
的
「
十角獸
(decacorn)」,也就是
市
100億美元值達到
",1,0.74,0,1,16,0,43,0,1,0,0,0,-1
U21,4,1653883959000-2022-05-30-12-12-39-9-Facebook.jpg,0,"整台法創新
創業故事
新人才新投資
LaFrenchTech要
完
平
台!馬克
宏
如
何
翻
轉新創生態
系,達
到
千億歐元
願
景?
#2022-05-25
2021年法國總統馬克宏曾對外表示,2025年
",1,0.74,0,1,16,0,44,0,1,0,0,0,-1
U21,4,1653883960000-2022-05-30-12-12-40-9-Facebook.jpg,0,"#2022-05-25
con
創業故事
新人才
新投資
LaFrenchTech要完整台法創新平台!馬克宏如何翻轉新創生態
系,達到
千
億歐元願景?
#MacronPr?sident
17AVRIL2017
ent
2021年法國總統馬克宏曾對外表示,2025年
",1,0.74,0,1,16,0,45,0,1,0,0,0,-1
U21,4,1653883961000-2022-05-30-12-12-41-9-Facebook.jpg,0,"創業故事新人才新投資
La
French
Tech
要完整台法創新
平台!馬克宏如何
翻
轉
新創生態
系,達到千億歐元願景?
A
2022-05-25
#MacronPr?sident
IDAVRIL2017
on
ent
年外表示,2025
歐
洲
會
",1,0.74,0,1,16,0,46,0,1,0,0,0,-1
U21,4,1653883962000-2022-05-30-12-12-42-9-Facebook.jpg,0,"#MacronPr?sident
AVRIN201
con
ent
2021年法國總統馬
克
宏曾
對
外
表示,2
0
25
年
歐
25間獨洲會孕育出
角
獸
新
創,而這目標在今
年
早
已達
到。
就在今年,馬克宏又說
:
「2030
年,總共
10家市值達1000億歐元的會有超過
企業。」
如今,歐
洲
擁有的獨
角
獸
公
司
市值達到
千億美
元,更重
要
的
是獨角獸企業數量已超過中國,
還
有
26家達到
所
謂的「十角獸
(decacorn)」
,也就
是
市
100億美元值達到
以上的新創公司,包
括
Klarna、Revolut和
",1,0.74,0,1,16,0,47,0,1,0,0,0,-1
U21,4,1653883964000-2022-05-30-12-12-44-9-Facebook.jpg,0,"#MacronPr?sident
FAVRIL2017
on
ent
2021年法國總
統馬克
宏
曾
對
外
表示,2
0
25
年
歐
洲會
25間孕育出
獨
角
獸新創,而這目標在今
年
早已達
到
。
就在今年,馬克宏又說
:
「2030
年,總共
企業。」
10家市值達1000億歐元的會有超過今,歐洲擁有的獨角獸公要的是獨角獸企業數量已超過中國,26家達到所謂的「十角獸有
如
司
市值
達
到千億美
元,更
重
還
(
decacorn)」,也就是
市
100億美元值達到
以上的新創
Klarna、Revolut和公司,包括
checkoutcom筆。
",1,0.74,0,1,16,0,48,0,1,0,0,0,-1
U21,4,1653883965000-2022-05-30-12-12-45-9-Facebook.jpg,0,"Ton
#MacronPr?sident
ent
25
年
2021年法國總統馬克宏曾對外表示,2025間獨角獸新創,而這目標在今洲會孕育出
歐
年
早
已達
到
。就在今年,馬克宏又說
:
「2030
年,總共
10家市值達1000億歐元的會有超過
企
業。」
如
今,歐
洲
擁有
的獨
角獸
公
司
市值達到
千億美
元,更
重
要
的是獨角獸企業數量已超過中國,還有26家達到所謂的「十角獸
(decacorn)」,也就
是
市
100億美元值達到
以上的新創公司,包
括
Klarna、Revolut和
charkoutcom等。。
",1,0.74,0,1,16,0,49,0,1,0,0,0,-1
U21,4,1653883966000-2022-05-30-12-12-46-9-Facebook.jpg,0,"Ton
#MacronPr?sident
ent
2021年法國總統
馬克宏曾對外表示,2
0
25
年
歐
25間獨角獸新創,而這目標在今洲會孕育出
年
早
已
達
到
。就在今年,馬克宏又說
:
「2030
年,總共會有超過10家市值達1000億歐元的企業。」
如
歐今,
洲
擁有的獨
角獸公
司
市值達到
千億美
元,更
重
要
的
是獨角獸企業數量已超過中國,
還有26家達到
所
謂的「十角獸
(decacorn)」,也就
是
市
100億美元值達到
以上的新創公司,
包括
Klarna、Revolut和
checkoutcom等。
",1,0.74,0,1,16,0,50,0,1,0,0,0,-1
U21,4,1653883967000-2022-05-30-12-12-47-9-Facebook.jpg,0,"con
S
#MacronPr?sident
2021年法國總統馬克宏曾對外表示,20
25
年
歐25間獨角獸新創,而這目標在今洲會孕育出
年
早
已
達
到
。就在今年,馬克宏又
說
:
「
2030
年,總共
10家市值達1000億歐元的會有超過
企
業。」
如今,歐
洲
擁有的獨
角
獸
公
司
市值
達到
千億美
元,更重
要
的
是獨角獸企業數量已超過中國,
還有26家達到
所
謂的「十角獸
(decacorn)」,也就
是
市
100億美元值達到
以上的新創公司,包
括
Klarna、Revolut和
checkout.com
等。
",1,0.74,0,1,16,0,51,0,1,0,0,0,-1
U21,4,1653883968000-2022-05-30-12-12-48-9-Facebook.jpg,0,"con
#MacronPr?sident
18AVRIL2017
ent
2021
年
0
25
年
法國總統馬克宏曾對外表示,225間獨角獸新創,而這目標在今孕育出
歐
洲
會
年
早已達
到
。就在今年,馬克宏又說
:
「2030
年,總共
10家市值達1000億歐元的會有超過
企
業。」
如今,歐
洲
擁有的獨
角獸公
司市值達到千
億
美
元,更
重
要
的
是獨角獸企業數量已超過中國,26家達到所謂的「十角獸有
還
(decacorn)」也
就是
市
100億美元值達到
以上的新創公司,包括
Klarna、Revolut和
checkout.com等。
而這
新冠疫
情
期
之中,最重要的關鍵則是,間,科技新創企業的線上服務採用率增加為最大受益者,2021年對歐洲來說,是不斷創
,
成
",1,0.74,0,1,16,0,52,0,1,0,0,0,-1
U21,4,1653883969000-2022-05-30-12-12-49-9-Facebook.jpg,0,"Ton
ent
#MacronPr?sident
AVRIL2017
2021
年
法國總統
馬克宏曾對
外
表示,20
年25
歐
洲
會
25間獨角獸新創,而這目標在今孕育出
年
早
已
達
到
。就在今年,馬克宏又說
:
「2030
年,總共會有超過10家市值達1000億歐元的企業。」
如
今,歐
洲
擁有的獨角獸公
司市值達到千
億
美
元,更
重
要
的
是獨角獸企業數量已超過中國,
還有26家達到
所
謂的「十角獸
(decacorn)」也
就是
市
100億美元值達到
以上的新創公司
,
包
括
Klarna、Revolut和
checkout.co
m
等。
鍵
則是,新冠疫
情
期
而這之中,最重要的關間,科技新創企業的線上服務採用率增加,成年對歐洲來說,是不斷創益者,2021
為最大受
",1,0.74,0,1,16,0,53,0,1,0,0,0,-1
U21,4,1653883970000-2022-05-30-12-12-50-9-Facebook.jpg,0,"Ton
TRITIULIONIFOSCHIC
ent
2021年法
國
年總統馬克宏曾對外表示,2025
歐
洲
會
孕
25間獨角獸新創,而這目標在今育出
年
早已達
:
「2030
到。就在今年,馬克宏又說年,總共會有超過10家市值達1000億歐元的企業。」
如
今,歐
洲
擁有的
獨角獸公
司市值達
到
千
億
美
元,更重
要
的
是獨角獸企業數量已超過中國,
還有26家達到
所
謂的「十角獸
(decacorn)」,也就是
億美元市值達到100
以上的新創公司
,
Klarna、Revolut和包括
checkout.com等。
而
則
是
,新
冠
疫
情
期
這之中,最重要的關鍵間,科技新創企業的線上服務採用率增加,成為最大受益者,2021年對歐洲來說,是不斷創
紀錄的一年。
",1,0.74,0,1,16,0,54,0,1,0,0,0,-1
U21,4,1653883971000-2022-05-30-12-12-51-9-Facebook.jpg,0,"2021年法國總統馬克宏曾對外表示,2025年歐洲會孕育出25間獨角獸新創,而這目標在今年早已達到。就在今年,馬克宏又說:「2030年,總共會有超過10家市值達1000億歐元的企業。」
如今,歐洲擁有的獨角獸公司市值達到千億美元,更重要的是獨角獸企業數量已超過中國,還有26家達到所謂的「十角獸
(decacorn)」,也就是市值達到100億美元以上的新創公司,包括Klarna、Revolut和checkout.com等。
而這之中,最重要的關鍵則是,新冠疫情期間,科技新創企業的線上服務採用率增加,成為最大受益者,2021年對歐洲來說,是不斷創紀錄的一年。
TO延伸閱讀:疫情讓消費模式與以往大不相同!新創如何抓緊社群媒體、元宇宙新商機?
",1,0.74,0,1,16,0,55,0,1,0,0,0,-1
U21,4,1653883972000-2022-05-30-12-12-52-9-Facebook.jpg,0,"2021年法國總統馬克宏曾對外表示,2025年歐洲會孕育出25間獨角獸新創,而這目標在今年早已達到。就在今年,馬克宏又說:「2030年,總共會有超過10家市值達1000億歐元的企業。」
如今,歐洲擁有的獨角獸公司市值達到千億美元,更重要的是獨角獸企業數量已超過中國,還有26家達到所謂的「十角獸
(decacorn)」也就是市值達到100億美元以上的新創公司,包括Klarna、Revolut和checkout.com等。
而這之中,最重要的關鍵則是,新冠疫情期間,科技新創企業的線上服務採用率增加,成為最大受益者,2021年對歐洲來說,是不斷創紀錄的一年。
TO延伸閱讀:疫情讓消費模式與以往大不相同!新創如何抓緊社群媒體、元宇宙新商機?
",1,0.74,0,1,16,0,56,0,1,0,0,0,-1
U21,4,1653883973000-2022-05-30-12-12-53-9-Facebook.jpg,0,"年早已達到。就在今年,馬克宏又說:「2030
年,總共會有超過10家市值達1000億歐元的
企業。」
如今,歐洲擁有的獨角獸公司市值達到千億美
元,更重
要的是獨角獸企業數量已超過中國,
還
26家達到所謂的「十角獸有
(decacorn)」也就是市值達到100億美元
以上的新創公司,包括
KlarnaRevolut
checkout.com等。
而這之中,最重要的關鍵則是,新冠疫情期
間,科技新
創企業的線上服務採用率增加,成
為
最
大受益者
,2
年對歐洲來說,是不斷創021
紀錄
的一
年。
TO延伸閱讀:疫情讓消費模式與以往大不
相同!
新創如何
抓緊社群媒體、元宇宙新商
機?
台法如何聯手完整新創生態?
",1,0.74,0,1,16,0,57,0,1,0,0,0,-1
U21,4,1653883974000-2022-05-30-12-12-54-9-Facebook.jpg,0,"牛、極六百万爬爬10筆且任1008PY
企業。」
如今,歐洲擁有的獨角獸公司市值達到千億美的是
元,更
重
要
獨角
獸企業
數量
過中國,
還有
26
家達到
所
謂
的「
已超100億美元就是市值達到
十
角獸
(decacorn)」
也
以上的新創公司,包括
Klarna、Revolut和
checkout.com等
。
而
這之中,最
重
要的關鍵則是,新冠疫情期
間,科
技新創企業的線上服務採用率增加,成
為
年
歐洲
來
說
,
是
不
斷創
最大受益者,2021年。
紀
錄
的
一
對延伸閱讀:疫情讓消
費模式
與以往大不
相
新創
如何抓緊社群媒體、元宇宙
新商
機?
台法如何聯手完整新創生態?
昨(24)日為一年一度的COMPUTEX大會,
TO
同!
",1,0.74,0,1,16,0,58,0,1,0,0,0,-1
U21,4,1653883976000-2022-05-30-12-12-56-9-Facebook.jpg,0,"如
今,歐洲擁有的獨角獸公司市值達到千億美獸企數量已超過
獨
角
業
中
元,更重要的是26家達到所
還
有
謂
的
國,100億美元是市值達到
「十
角
獸
(decacorn)」也就
以上的新創公司
,
包
括
Klarna、Revolut
和
checkout.com
等
。
而這之
中,最重
要的關鍵則是,新冠疫情期
對
歐
間,科技新創企業的線上服務採用率增加,成為最大受益者,2021年洲來說,是不斷創紀錄的一年。TO延伸閱讀:疫情讓
消
費
模
式與
以往大不
相同!
新
商
機?
新創如何抓緊社群媒體、元宇宙台法如何聯手完整新創生態?
昨
COMPUTEX大會,(24)日為一年一度的
LaetitiaLim與新創展區
新
LaFrenchTechCOMPUTEX2022的創(InnoVEX)的「台灣新創黃年」議程,以「ConnectTaiwaningandFrench
",1,0.74,0,1,16,0,59,0,1,0,0,0,-1
U21,4,1653883977000-2022-05-30-12-12-57-9-Facebook.jpg,0,"要
的是獨角獸企業?量已超過中國,
還
元,更重有家達到(decacorn)」
26
所謂的
「十
角
獸
""
也就是市值達到100億美元
以上的新創公司,Klarna、Revolut包括和
checkout.com等
。
要
的
關鍵則是,新冠疫情
期
而這之中,最重間,科
技新創企業的線上服務採用率增加,成來說,是不斷創
為
最
大受益者,2021年對歐洲的一年。
紀錄
TO
費模
相
抓
機
延伸閱讀:疫情讓消式與以往大不同!新創如何緊社群媒體、元宇宙新商台法如何聯手完整新創生態?
?
昨
COMPUTEX大會,(24)日為一年一度的
LaFrenchTechLaetitiaLim新創展區
新
與
COMPUTEX2022的創(InnoVEX)的「台灣新創黃金十年」議程中,以「ConnectTaiwanandFrenchingSynergy」為題分享台灣與法國新創是
",1,0.74,0,1,16,0,60,0,1,0,0,0,-1
U21,4,1653883978000-2022-05-30-12-12-58-9-Facebook.jpg,0,"而這
紀
一
Orange之中,最重要的關鍵則是,新冠疫情期間,科技新創企業的線上服務採用率增加,成為最大受益者,2年對歐洲來說,是不斷創021錄的年。式與往大不同!新創如何抓緊社群媒體、元宇宙新商台法如何聯手完整新創生態?
TO延伸閱讀:疫
情
讓
消
費模
以
相
機?
昨
(24)日為一
年一COMPUTEX大會,度的LaFrenchTech總LaetitiaLim於裁COMPUTEX2022的創新與新創展區(InnoVEX)的「台灣新創黃金十年」議程中TaiwanandFrench「Connecting與法國新創是
,
以
Startup
Syn
e
r
g
y
」
為
題
分享
台灣
如何結盟一同為創業生態系統創造一個無獨僅
有的平臺。「在這個生態系統中,每間企業幾10億美元的價值。」LaetitLim表示ia,今日全球的新創公司供了大約10
乎
都
有
超過
",1,0.74,0,1,16,0,61,0,1,0,0,0,-1
U21,4,1653883979000-2022-05-30-12-12-59-9-Facebook.jpg,0,"Q=上服務採用率增加
線
,成
間,科技新創企業的為最大受益者,來,是不斷創2021年對紀錄的一年。延伸閱讀:疫情費模式與以往大不同!新創如何抓緊社群媒體宙新商台法如何聯手完整新創生態?
TO
讓
消
相
、元宇
機?
昨
(24)日為一
年一COMPUTEX大會,度的LaFrenchTech總裁LaetitiaLim於COMPUTEX2022的創新與新創展區(InnoVEX)的「台灣新創黃金十年」議程「ConnectTaiwanandFrenching」為享台灣與法國新創是何結盟一同為創業生態系統創造一個無獨僅
中
,以
Startup
Sy
n
e
r
g
y
題
分
如
有的平臺。
10
球
",1,0.74,0,1,16,0,62,0,1,0,0,0,-1
U21,4,1653883980000-2022-05-30-12-13-00-9-Facebook.jpg,0,"TechOrange紀錄的一年。
TO
機?
台法如何聯手完整新創生態?
昨
(24)日為一
年一
COMPUTEX大會,度的LaFrenchTech總裁LaetitiaLim於COMPUTEX2022的創新與新創展區(InnoVEX)的「台灣新創黃金十年」議程TaiwanandFrench「ConnectingSyn與法國新創是如何結盟一同為創業生態系統創造一個無獨僅
中
,
以
Startup
e
rg
y」
為
題分
享
台
灣
有的平臺。
",1,0.74,0,1,16,1,63,TechOrange,1,0,0,0,-1
U21,4,1653883981000-2022-05-30-12-13-01-9-Facebook.jpg,0,"TechOrange讀:疫情讓消費模式與以往大不新創如何抓緊社群媒體、元宇宙新商
TO
延伸
閱
相
同!
機?
昨
台法如何聯手完整新創生態?(24)日為一年一COMPUTEX大會,度的LaFrenchTech總裁LaetitiaLim於COMPUTEX2022的創新與新創展區(InnoVEX)的「台灣新創黃金十年」議程TaiwanandFrench以「ConnectingSynergy」為分享台灣與法國新創是結盟一同為創業生態系統創造一個無獨僅
中
,
Startup
題
如
何
0
0
有的平臺。「在這個生態系統中,每間企業幾乎都有超過10億美元的價值。」LaetitiLima表示,今日全球的新創公司提供了大約1萬個職缺,而2022年的26隻獨角獸,從區塊鏈、醫療、遊戲等領域都涵蓋在裡頭。為何能達到如此成功的這一步?「從提供低額貸款到研究資源,我們都放手讓新
",1,0.74,0,1,16,1,64,TechOrange,1,0,0,0,-1
U21,4,1653883982000-2022-05-30-12-13-02-9-Facebook.jpg,0,"科技報橘TechOrange台法如何聯手完整新創生態?(24)日為一年一COMPUTEX大會,度的LaFrenchTech總裁LaetitiaLim於
昨
COMPUTEX2022的創新與新創展區(InnoVEX)的「台灣新創黃金十年」議程TaiwanandFrench,以「ConnectingSynrgy與法國新創是如何結盟一同為創業生態系統創造一個無獨僅
中
Startup
e
」
為
題
分
享
台
灣
有的平臺。
,每間企業幾乎都有
超
過
今
日全
,而
「在這個生態系統中10億美元的價值。」LaetLim表示,itia球的新創公司提供了大約100萬個職缺2022年的26隻獨角獸,從區塊鏈、醫療、遊戲等領域都涵蓋在裡頭。為何能達到如此成功的這一步從提供低額貸款到研究資源,我們都放手讓新創去做LaetitiaLim在議程中提到。
?「
。」
",1,0.74,0,1,16,1,65,科技報橘,1,0,0,0,-1
U21,4,1653883983000-2022-05-30-12-13-03-9-Facebook.jpg,0,"TechOrange台法如何聯手完整新創生態?(24)日為一年一COMPUTEX大會,度的LaFrenchTech總裁LaetitiaLim於
昨
今
日全
COMPUTEX2022的創新與新創展區(InnoVEX)的「台灣新創黃金十年」議程中Taiwan,以「ConnectingandFrenchStartupSynergy」為題分享台灣與法國新創是如何結盟一同為創業生態系統創造一個無獨僅有的平臺。「在這個生態系統中,每間企業幾乎都有超過10億美元的價值。」LaetitiLim表示,a球的新創公司提供了大約100萬個職缺,而2022年的26隻獨角獸,從區塊鏈、醫療、遊戲等領域都涵蓋在裡頭。為何能達到如此成功的這一步?「從提供低額貸款到研究資源,我們都放手讓新創去做。」LaetitiaLim在議程中提到。「2030」(France2030)計法國畫,有一半資金都用於新創產業
",1,0.74,0,1,16,1,66,TechOrange,1,0,0,0,-1
U21,4,1653883985000-2022-05-30-12-13-05-9-Facebook.jpg,0,"昨
(24)日為一年一
大會,
La
中
,
有
的
,
今
日全
,而
",1,0.74,0,1,16,0,67,0,1,0,0,0,-1
U21,4,1653883986000-2022-05-30-12-13-06-9-Facebook.jpg,0,"ATRICYLAU
RS天
T
找工
Startup
今
日全
為何
",1,0.74,0,1,16,0,68,0,1,0,0,0,-1
U21,4,1653883987000-2022-05-30-12-13-07-9-Facebook.jpg,0,"計畫,其
2030)計畫,這項300億歐元的投資中就有150億是專門提供給新創產業,La而FrenchTech在做的就是增加各產業朝向法國促進新創公司計劃,發揚法國在新創領域的吸引力以及提升臺灣在這新創產業的競爭力。中小企業該如何接軌ESG趨勢ESG專案該如何起步?企業該如何順序SAP永續經營?即刻下載攻略!
決
定
",1,0.74,0,1,16,0,69,0,1,0,0,0,-1
U21,4,1653883988000-2022-05-30-12-13-08-9-Facebook.jpg,0,"表示,今
日全
,而
,
在
議
中
buzzorange.comTechOrange10億美元的價值。」LaetitiaLim球的新創公司提供了大約100萬個職缺2022年的26隻獨角獸,從區塊鏈、醫療、遊戲等領域都涵蓋在裡頭。為何能達到如此成功的這一步?「從提供低額貸款到研究資源我們都放手讓新創去做。」LaetitiaLim程提到。「法國2030」(France2030)計畫,有一半資金都用於新創產業馬克宏2021於年提出「法國2030」(France2030)計畫,這項300億歐元的投資中就有150億是專門提供給新創產業,而LaFrenchTech在做的就是增加各產業朝向法國促進新創公司計劃,發揚法國在新創領域的吸引力以及提升臺灣在這新創產業的競爭力。中小企業該如何接軌ESG趨勢專案該如何起步?企業該如何決定順序?即刻下載SAP永續經營攻略!
計畫,其
0X
ESG
落實永續的優先
",1,0.74,0,1,16,1,70,buzzorange,1,0,0,0,-1
U21,4,1653883989000-2022-05-30-12-13-09-9-Facebook.jpg,0,"buzzorange.comTechOrangeQ=10億美元的價值。」LaetitiaLim表示,今日全球的新創公司提供了大約100萬個職缺,而2022年的26隻獨角獸,從區塊鏈、醫療、遊戲等領域都涵蓋在裡頭。為何能達到如此成功的這一步?「從提供低額貸款到研究資源,我們都放手讓新創LaetitiaLim在議程中提到。
去做。」
2030)
計畫,其
ESG
",1,0.74,0,1,16,1,71,buzzorange,1,0,0,0,-1
U21,4,1653883992000-2022-05-30-12-13-12-9-Facebook.jpg,0,"科技報橘TechOrange「法國2030」(France2030)計畫,有一半資金都用於新創產業馬克宏於20年提出「法國2030」21(France計畫,這項300億歐元的投資計畫,其中150億是專門提供給新創產業,就有La而FrenchTech在做的就是增加各產業朝向法國促進新創公司計劃,發揚法國在新創領域的吸引力以及提升臺灣在這新創產業的競爭力。
2030)
?X中小企業該如何接軌ESG趨勢
ESG
",1,0.74,0,1,16,1,72,科技報橘,1,0,0,0,-1
U21,4,1653883994000-2022-05-30-12-13-14-9-Facebook.jpg,0,"X!馬...TechOrangeQ=畫,有一半資金都用於新創產業馬克宏2021於年提出「法國2030」(France2030)計畫,這項300億歐元的投資中150億是專門提供給新創產業就有,而LaFrenchTech在做的就是增加各產業朝向法國促進新創公司計劃,發揚法國在新創領域的吸引力以及提升臺灣在這新創產業的競爭力。0X中小企業該如何接軌ESG趨勢
計畫,其
法
系的
",1,0.74,0,1,16,1,73,TechOrange,1,0,0,0,-1
U21,4,1653883995000-2022-05-30-12-13-15-9-Facebook.jpg,0,"INAHIHJARHI
XSTANLUHALLIN
0X
SAP
「我們的使命
態
和
及歐
,
的
TO延伸
閱
讀:熱
還是
只
是
一
",1,0.74,0,1,16,0,74,0,1,0,0,0,-1
U21,4,1653883996000-2022-05-30-12-13-16-9-Facebook.jpg,0,"TechOrange?X中小企業勢
該如何接
軌
ESG趨
?企
SAP
法
系的
及歐
TO延伸閱
展挑戰
",1,0.74,0,1,16,1,75,TechOrange,1,0,0,0,-1
U21,4,1653883998000-2022-05-30-12-13-18-9-Facebook.jpg,0,"TechOrange0x中小企業該如ESG趨勢何接軌
定
法
系的
ESG專案該如何起步?企業該如何決落實永續的優先順序?即刻下載SAP永續經營攻略!SAP下載「我們的使命是連接台灣和各國創業者的生態系統,這基本上是我們自2016年以來一直在努LaFrenchTech認為力做的事情。」而,國技術簽證的改革將讓法國新創公司能夠更容易的聘用外籍員工,也帶動法國新創生態全球化,幫助法國新創拓展海外市場。最後,LaetitiaLim則在議程中說到,「這就是1000億歐元的目標我們把創新和資金以各國都放在一起我們使命是連接台灣和法國的創新生態系統。」TO延伸閱讀:熱潮退去後,場泡沫MaiCoin分析NFT未來發?展挑戰本文開放夥伴轉載,圖片來源:shutterstock
,
及歐
洲
,
的
NFT仍
有價
值
還是只
是一
",1,0.74,0,1,16,1,76,TechOrange,1,0,0,0,-1
U21,4,1653883999000-2022-05-30-12-13-19-9-Facebook.jpg,0,"276
49則留言,11次分享
留言
分享
",1,0.158720539,0,1,16,0,77,0,1,0,0,0,-1
U21,4,1653883999000-2022-05-30-12-13-19-9-Facebook.jpg,1,"利投保情
讚xTOTechOrange科技報橘BE15:10歐洲的新創公司數量大爆炸!台灣是不是也要多展這塊啊?i
多發
#MacronPr?sident
TYAVRIL2017
buzzorange.com
La
35
2則留言?3次分享
FrenchTech要完整台法創新平台!馬克宏如何翻轉新創生態系,達到千億歐元願景?」...讚留言血蟒加藤軍台灣粉絲團2.0
分享
",1,0.581279461,0,1,16,1,77,TechOrange科技報橘,1,0,0,0,-1
U21,4,1653884000000-2022-05-30-12-13-20-9-Facebook.jpg,0,"17AVRIL2017
buzzorange.com
35
LaFrenchTech要完整台法創新平台!馬克宏如何翻轉新創生態系,達到千億歐元願景?...2則留言?3次分享超型加藤軍台灣粉絲團2.0你知道周董對她說了什麼嗎?
讚
分享
",1,0.477744108,0,1,16,1,78,buzzorange,1,0,0,0,-1
U21,4,1653884000000-2022-05-30-12-13-20-9-Facebook.jpg,1,"x
KATOARMY
12分鐘
前
女
一個困擾了我十幾年的問題,周杰倫到底和田中千繪?了什麼?
",1,0.262255892,0,1,16,0,78,0,1,0,0,0,-1
U21,4,1653884001000-2022-05-30-12-13-21-9-Facebook.jpg,0,"i
#MacronPr?sident
CTAVIL2017
buzzorange.com
La
」...
35
2則留言?3次分享
FrenchTech要完整台法創新平台!馬克宏如何翻轉新創生態系,達到千億歐元願景?留言血曜加藤軍台灣粉絲團2.0你知道周董對她說了什麼嗎?
讚
分享
",1,0.452491582,0,1,16,1,79,buzzorange,1,0,0,0,-1
U21,4,1653884001000-2022-05-30-12-13-21-9-Facebook.jpg,1,"x
-2.00
KATOARMY
12
分
鐘
前?女
一個困擾了我十幾年的問題,周杰倫到底和田中千繪說了什麼?
",1,0.287508418,0,1,16,0,79,0,1,0,0,0,-1
U21,4,1653884002000-2022-05-30-12-13-22-9-Facebook.jpg,0,"TRAVRIL2017
#MacronPr?sidentLaFrenchTech要完整台法創新平台!馬克宏如何翻轉新創生態系,達到千億歐元願景?」...
buzzorange.com
35
2則留言?3次分享
讚
留言
分享
",1,0.444074074,0,1,16,1,80,buzzorange,1,0,0,0,-1
U21,4,1653884002000-2022-05-30-12-13-22-9-Facebook.jpg,1,"KATOARMYG
血黏加藤軍台灣粉絲團2.0分鐘前?女董對她說了什麼嗎?
12
你知道周
一個困擾了我十幾年的問題,周杰倫到底和田中千?說了什麼?
...
",1,0.295925926,0,1,16,0,80,0,1,0,0,0,-1
U21,4,1653884003000-2022-05-30-12-13-23-9-Facebook.jpg,0,"VivianLin
",1,0.046767677,0,1,16,0,81,0,1,0,0,0,-1
U21,4,1653884003000-2022-05-30-12-13-23-9-Facebook.jpg,1,"台
灣很多“新創公司”了,它意味:低
薪
、事多、事雜
5小時讚回覆
張宜洋
台
灣蠻多新創資源的
Ustar計畫商業提案競賽....
朋友就這樣
開過
公
司
10小
時
回覆讚
",1,0.693232323,1,1,16,0,81,0,1,0,0,0,-1
U21,4,1653884004000-2022-05-30-12-13-24-9-Facebook.jpg,0,"Vivian
Lin
",1,0.042558923,0,1,16,0,82,0,1,0,0,0,-1
U21,4,1653884004000-2022-05-30-12-13-24-9-Facebook.jpg,1,"台
灣
很
多
“新創公司”了,它意味:低
薪、事多、事雜
5小
時
讚
回覆
張宜洋
台灣蠻多新創資源的
Ustar
計
畫
商
朋友就這樣開過公司
10小時讚回覆
業提案競賽....
",1,0.697441077,1,1,16,0,82,0,1,0,0,0,-1
U21,4,1653884005000-2022-05-30-12-13-25-9-Facebook.jpg,0,"i
#MacronPr?sident
17AVRIL2017
buzzorange.com
La
?」...
FrenchTech要完整台法創新平台!馬克宏如何翻轉新創生態系,達到千億歐元願景2則留言?3次分享
35
讚
留言
分享
",0,0.444074074,0,0,15,1,83,buzzorange,1,0,0,0,-1
U21,4,1653884005000-2022-05-30-12-13-25-9-Facebook.jpg,1,"2.0
KATOARMY
血黏型加藤軍台灣粉絲團2.0你知道周董對她說了什麼嗎?
12分鐘前
?女
一個困擾了我十幾年的問題,周杰倫到底和田中千?說了什麼?
x
",0,0.295925926,0,0,17,0,83,0,0,0,0,0,-1
U21,4,1653884006000-2022-05-30-12-13-26-9-Facebook.jpg,0,,0,0.015622896,0,0,15,0,84,0,0,0,0,0,-1
U21,4,1653884006000-2022-05-30-12-13-26-9-Facebook.jpg,1,"血黏加藤軍台灣粉絲團2.0
2.0
KATOARMY
12
分鐘前?
你知道周
董對她說了什麼嗎?
一個困擾了我十幾年的問題,周杰倫到底和田中千?說了什麼?
道598
讚
留言
376則留言?8次分享
分享
x
",0,0.506734007,0,0,17,0,84,0,1,0,0,0,-1
U21,4,1653884006000-2022-05-30-12-13-26-9-Facebook.jpg,2,"KFC
x
KFC
贊助肯德基獨家推出【韓辛與甜薯的羅曼史】將於每週三中午12:00準時...查看更多
新
韓愛情大戲9
5/25起
,
KFC
係
,
將
如
何
發展
",0,0.217643098,0,0,18,0,84,0,0,0,0,0,-1
U21,4,1653884007000-2022-05-30-12-13-27-9-Facebook.jpg,0,"本:2.0
KATOARMY
血黏加藤軍台灣粉絲團2.0你知道周董對她說了什麼嗎?
12分鐘前?
一個困擾了我十幾年的問題,周杰倫到底和田中千繪說了什麼?
598
讚
分享
x
",0,0.506363636,0,0,17,0,85,0,1,0,0,0,-1
U21,4,1653884007000-2022-05-30-12-13-27-9-Facebook.jpg,1,"376則留言?8次分享肯德基獨家推出【韓辛與甜薯的羅曼史】情大戲5/25起,將於每週三中午12:00準時...查看更多
KFC?
x
KFC|
贊助
新韓愛
N
KFC
可
兩人可甜
辣
的
關
係
,
將
如
何發展
一
起說
撒
浪
嘿
們
",0,0.233636364,0,0,18,0,85,0,0,0,0,0,-1
U21,4,1653884008000-2022-05-30-12-13-28-9-Facebook.jpg,0,"KATOARMY
12
分鐘前?女
你知道周
董對她說了什麼嗎?
一個困擾了我十幾年的問題,周杰倫到底和田中千?說了什麼?
598
376則留言?8次分享
讚
留言
分享
",0,0.482794613,0,0,17,0,86,0,1,0,0,0,-1
U21,4,1653884008000-2022-05-30-12-13-28-9-Facebook.jpg,1,"KFC
【日
KFC贊助?
肯德基獨家推出【韓辛與甜薯的羅曼史】新韓愛情大戲查看更多將於每週三中午12:00準時...
5/25起
,
KFC
兩人可甜可辣
的
關係,將如何發
展
準
備
好
和
我
們
一
起
說
撒
浪
嘿~
",0,0.257205387,0,0,18,0,86,0,0,0,0,0,-1
U21,4,1653884009000-2022-05-30-12-13-29-9-Facebook.jpg,0,"598
376則留言?8次分享
分享
讚
留言
",0,0.156195286,0,0,19,0,87,0,0,0,0,0,-1
U21,4,1653884009000-2022-05-30-12-13-29-9-Facebook.jpg,1,"0
KFC
...
x
KFC贊助●
肯德基獨
新
家推出【韓辛與甜薯的羅曼史】5/25起,將於每週三中午12:00準時...查看更多
韓愛情大戲
KFC
兩人可甜
可
辣
的
係
,
將如
何發展
好和
們一
說
浪
8
每週三中午12:00準時放送世界上有一種命運,
叫
做命中注
定。
準備
關
我
起
撒
嘿~
",0,0.583804714,0,0,18,0,87,0,1,0,0,0,-1
U21,4,1653884010000-2022-05-30-12-13-30-9-Facebook.jpg,0,"1,285
讚
每週三中午12:00準時放送」命運,
種
叫做命中注定。(
世界上有一
留言
337則留言127次分享
分享
",0,0.467643098,0,0,20,0,88,0,1,0,0,0,-1
U21,4,1653884010000-2022-05-30-12-13-30-9-Facebook.jpg,1,"遊戲中心
中心。
週日1
1:20
這個姓不能
#一
用
樓有傳送門
這個英文名...
今天
上
英文
課
老師要求每個同學
都
要
取英
文
名
字
x
",0,0.272356902,0,0,21,0,88,0,0,0,0,0,-1
U21,4,1653884011000-2022-05-30-12-13-31-9-Facebook.jpg,0,"中心,
這個姓不
遊戲中心
週日11:20
能
用
#一樓有傳送門
是加
65
想到了一
這個英文名...
今天上英文課老師要求每個同學
都
要
取
英
文
名
字
我苦思半天
個
很
美
取名叫
「Monica莫妮卡」
想想也沒什麼不妥
自
己也覺
得
很棒
可是
!
沒料到老師上課上姓氏來稱呼同
學的
老
師點名叫
到
我胜
22則留言?3次分享
的名字
x
",0,0.74,0,0,22,0,89,0,1,0,0,0,-1
U21,4,1653884012000-2022-05-30-12-13-32-9-Facebook.jpg,0,"現已推出
為你推薦口口Gameapps.HK香港手機遊戲網週五20:00模戰爭策略RPG手遊《原始戰
-
恐龍
原
始
人
大規
爭:恐龍對決》現已推出
(m)
DINDO
恐
龍
原
始
人
大規
模
戰
爭
策略RPG手遊
《原始戰爭:恐龍對決》現已推出
gameapps.hk
恐龍原始人大規模戰
爭策略RPG手遊《原始戰
爭:恐龍
對決
》
38
6次分享
讚
留言
分享
",0,0.610740741,0,0,23,0,90,0,1,0,0,0,-1
U21,4,1653884012000-2022-05-30-12-13-32-9-Facebook.jpg,1,"Technews科技新報
TechNews
II..
BE13:35
x出走中國為何這麼難?馬斯克讚「人的因素」難#特斯拉#馬斯克#供應鏈
以
撼
動
",0,0.129259259,0,0,24,1,90,科技新報,0,0,0,0,-1
U21,4,1653884013000-2022-05-30-12-13-33-9-Facebook.jpg,0,"爭:恐龍對決》現已推出
你
DINOC
|恐
龍
原
始
人
大規模
戰爭
策
略RPG手遊
《原始戰爭:恐龍對決》現已推出大規模戰爭策略RPG手遊《原始戰
gameapps.hk
恐龍原
始人
爭:恐龍對決
》
現已推出
38
6次分享
分享
讚
留言
",0,0.60989899,0,0,23,0,91,0,1,0,0,0,-1
U21,4,1653884013000-2022-05-30-12-13-33-9-Facebook.jpg,1,"Technews科技新報
x
TechNews
14
BE13:35
O
以
出走中國為何這麼難?馬斯克讚「人的因素」難#特斯拉#馬斯克#供應鏈
撼
動
",0,0.13010101,0,0,24,1,91,科技新報,0,0,0,0,-1
U21,4,1653884014000-2022-05-30-12-13-34-9-Facebook.jpg,0,"H
Gameapps.HK香港手機遊戲網恐龍原始人大規模戰爭策略RPG手遊《原始戰
週
五20:00
爭:恐龍對決》現已推出
你i
DINO
|恐龍
原
始人大規
模
戰爭
策
略RPG手遊
《原始戰爭:恐龍對決》現已推出恐龍原始人大規模戰爭策略RPG手遊《原始戰
gameapps.hk
爭:恐龍對決》現已推出
38
6次分享
讚
留言
分享
",0,0.60989899,0,0,23,0,92,0,1,0,0,0,-1
U21,4,1653884014000-2022-05-30-12-13-34-9-Facebook.jpg,1,"TechNews
BE13:35
O
Technews科技新報、x出走中國為何這麼難?馬斯克讚「人的因素」難#特斯拉#馬斯克#供應鏈
以撼動
",0,0.13010101,0,0,24,1,92,TechNews,0,0,0,0,-1
U21,4,1653884015000-2022-05-30-12-13-35-9-Facebook.jpg,0,"恐龍原始人大規模戰爭策略RPG手遊
《原始戰爭:恐龍對決》現已推出
gameapps.hk
恐龍原始人大規模戰
爭策略RPG手遊《原始戰
爭:恐龍對決》現已推出
38
6次分享
讚
留言
分享
",0,0.299292929,0,0,23,0,93,0,0,0,0,0,-1
U21,4,1653884015000-2022-05-30-12-13-35-9-Facebook.jpg,1,"TechNews
#hG
PF13:35
O
Technews科技新報x中國為何這麼難?馬斯克讚「人的因素」難#特斯拉#馬斯克#供應鏈
出
走
以撼動
AD
i果鏈出中國難實現、特斯拉加碼上海,皆是「人
technews.tw
",0,0.440707071,0,0,24,1,93,TechNews,1,0,0,0,-1
U21,4,1653884016000-2022-05-30-12-13-36-9-Facebook.jpg,0,"讚
ESLF
i
technews.tw
果鏈出中國難實現、特斯拉加碼上海,皆是「人
的因素」
389
63則留言,13次分享
分享
",0,0.467643098,0,0,25,1,94,technews.tw,1,0,0,0,-1
U21,4,1653884016000-2022-05-30-12-13-36-9-Facebook.jpg,1,"冷的
小
蒙
x
6你還有我
晶品城店
牛頂級麻辣養生鍋-新竹#湯底比超市#比菜市場便宜CP超...查看更多
贊助◆
#外帶防疫套餐全面5折!
湯底超
㊣
超市
。
原
市場便宜
外帶防疫套餐全面5折
1
2022/5/1-5/31
5/1-5/310
(購買哈根達斯
迷你杯
限時優惠價一箱24入送四人海陸套餐一組>
10/1
[2]+[*ng-hong)7
",0,0.272356902,0,0,26,0,94,0,0,0,0,0,-1
U21,4,1653884017000-2022-05-30-12-13-37-9-Facebook.jpg,0,"海
i中國難實現、特斯拉加碼上海,皆是「人
technews.tw
果鏈
出
的因素」
3389
63則留言,13次分享
讚
留言
分享
",0,0.444915825,0,0,25,1,95,technews.tw,1,0,0,0,-1
U21,4,1653884017000-2022-05-30-12-13-37-9-Facebook.jpg,1,"冷冷的天
[小蒙牛頂級麻辣養生鍋-新竹
保你還
有
我
CE
晶品城店
贊
助
#外帶防疫套餐全面5折!
#湯底
比
超
市
#
比
菜市場
外帶防疫套餐全面5折
小茶供應期間:2022/5/1~5/315/1-5/31
購買哈根達斯迷你杯
一箱
24入
送
四
人
海
陸
限時優惠價套餐一組
D
(4)
emmmmessey2009-?
單身
貴
族
套
餐
399
CP超...查看更多便宜
",0,0.295084175,0,0,27,0,95,0,0,0,0,0,-1
U21,4,1653884018000-2022-05-30-12-13-38-9-Facebook.jpg,0,"ESL
i
technews.tw
果鏈出中國難實現、特斯拉加碼上海,皆是「人
的因素」
389
63則留言,13次分享
讚
留言
分享
",0,0.444915825,0,0,25,1,96,technews.tw,1,0,0,0,-1
U21,4,1653884018000-2022-05-30-12-13-38-9-Facebook.jpg,1,"天
機
冷冷的
小
x
關你選有
晶品城店
蒙牛頂級麻辣養生鍋-新竹#湯底比超市#比菜市場便宜CP超...查看更多
贊
助
#外帶防疫套餐全面5折
湯
底超
超市
、
菜市場便宜
外帶防疫套餐全面5折
小
茶
?
B
供
應
期間:
20
22/5
/
1~5/3
7471
55/1-5/31
L
購買哈根達斯迷你杯一箱24入送四人海陸套餐一組
>
限時優惠
>價
D
18年1700元+線轉180度。2,1999元色
單身
貴族套餐
399
重-795元
",0,0.295084175,0,0,26,0,96,0,0,0,0,0,-1
U21,4,1653884019000-2022-05-30-12-13-39-9-Facebook.jpg,0,"讚
出
走中國為何這麼難?馬斯克讚「人的因素」難以撼動
#特斯拉#馬斯克#供應鏈
ESL
i
technews.tw
果
鏈出中國難實現、特斯拉加碼上海,皆是「人
的因素」
389
63則留言,13次分享
留言
分享
",0,0.576228956,0,0,24,1,97,technews.tw,1,0,0,0,-1
U21,4,1653884019000-2022-05-30-12-13-39-9-Facebook.jpg,1,"洗冷的天
你不繞線
你道有限
BAN
小
蒙
牛頂級麻辣養生鍋-新竹
x
晶品城店
贊
助?
#外
帶
防
疫
套餐全面5折
#湯
#比菜市場便宜CP超...查看更多底比超市
",0,0.163771044,0,0,26,0,97,0,0,0,0,0,-1
U21,4,1653884020000-2022-05-30-12-13-40-9-Facebook.jpg,0,,0,0.053501684,0,0,26,0,98,0,0,0,0,0,-1
U21,4,1653884020000-2022-05-30-12-13-40-9-Facebook.jpg,1,"留言
x
TechNews
Technews科技新報出走中國為何這麼難?馬斯克讚「人的因素」難
BE13:35O
以撼動
#特斯拉#馬斯克#供應鏈
i果鏈出中國難實現、特斯拉加碼上海,皆是「人
technews.tw
的因素」
389
63則留言,13次分享
分享
讚
",0,0.62962963,0,0,24,1,98,TechNews,1,0,0,0,-1
U21,4,1653884020000-2022-05-30-12-13-40-9-Facebook.jpg,2,"冷冷的
你不連線
找
活你道有
牛頂級麻辣養生鍋-新竹
小蒙
x
SAM
晶品城店
",0,0.056868687,0,0,28,0,98,0,0,0,0,0,-1
U21,4,1653884021000-2022-05-30-12-13-41-9-Facebook.jpg,0,,0,0.041717172,0,0,28,0,99,0,0,0,0,0,-1
U21,4,1653884021000-2022-05-30-12-13-41-9-Facebook.jpg,1,"389
x
TeckNews
1126
Technews科技新報出走中國為何這麼難?馬斯克讚「人的因素」難
BE13:35O
以
撼
動
#特斯拉#馬斯克#供應鏈
i
technews.tw
果
鏈
出
中國難實現、特斯拉加碼上海,皆是「人
的因素」
63則留言,13次分享
分享
讚
留言
",0,0.627946128,0,0,24,1,99,科技新報,1,0,0,0,-1
U21,4,1653884021000-2022-05-30-12-13-41-9-Facebook.jpg,2,"19?的天
你不這樣小蒙
牛頂級麻辣養生鍋-新竹
「你還有我
晶品城店
",0,0.0703367,0,0,29,0,99,0,0,0,0,0,-1
U21,4,1653884023000-2022-05-30-12-13-43-9-Facebook.jpg,0,"出走中國為何這麼難?馬斯克讚「人的因素」難#特斯拉#馬斯克#供應鏈
以撼動
AG
i
technews.tw
果
鏈出
中國難實現、特斯拉加碼上海,皆是「人
的因素」
389
63則留言,13次分享
分享
讚
留言
",0,0.533299663,0,0,24,1,100,technews.tw,1,0,0,0,-1
U21,4,1653884023000-2022-05-30-12-13-43-9-Facebook.jpg,1,"冷的手
仰
小蒙牛頂級麻辣養生鍋-新竹藝線300晶品城店
?你還有機期
贊
助
#外帶防疫套餐全面5折
#湯
底比超市
#
比菜市
CP超...查看更多場便宜
湯底超超市、菜市場便宜外帶防疫套餐全面5折
",0,0.206700337,0,0,30,0,100,0,0,0,0,0,-1
U21,4,1653884024000-2022-05-30-12-13-44-9-Facebook.jpg,0,"A
#外
#湯
洗冷的
天
你不遊緣
空你還有我
讚
?已
980%
//REBEBOg
580
時令蔬?:
再發電200g/
包價98/
他?
/
期里至21
30/6-8825
胃築21
2016-2020/
OUR
果
鏈
出
中國難實現、特斯拉加碼上海,皆是「人
的因素」
389
63則留言,13次分享
分享
留言
小
蒙
牛頂級麻辣養生鍋-新竹
x
晶品城店
贊
助
帶防疫
套
餐全
面
5折
底
比
超
市
#
比
菜
市
CP超...查看更多場便宜
?盦市場便宜
湯
底超?
外帶防疫套餐全面5折
M:2022/5/1-5/31
二十-5/32
購買哈根達斯迷
你杯一箱
24入送四人海陸套餐一組
限時優惠價
(ming+Kheng-game,199
2COTEL:9元
單
身
貴
族
套
餐
399
SER
美味湯催4Timess豪華主餐5選1
時令蔬蛋
FARURENI
ERISMER
100/
HRDINERINIA
按照机150g+汁機
WORTH/BE
A
火鍋小夥伴(10)
個食2號1
//T
/
2人海陸套餐
美味?獲選Tamman
臺華主餐5選2
時令蔬榮。
AB
中立花150g,?花牌150g
有
350/9/
M?N?
30g/?
MARI計850g/
TAMARIN
/
火鍋小夥伴
MX22
EFN/REN
預於2/體分枝丸://
4人海
陸套餐
?
美味湯頭4週Terman
豪
華
主到54
時令蔬榮
期刊至2月2
WASHA-ROM/
?面改1500+花150g
2009/2/
29-0
www?R?.
50+
SEMIN/BE/
WORTH/BEBER
BA
/
火鍋小夥伴
24
IHE
A/BA/2/2
4人超滿足豪華7主菜套餐1480%
重2000元
班4選1amm臺華中餐7種應在
蒙古日?對共
+
WRAN
A/
ARR
",0,0.74,0,0,25,1,101,NER,1,0,0,0,-1
U21,4,1653884025000-2022-05-30-12-13-45-9-Facebook.jpg,0,"Bior
res
02-27
黃金海星BOg
WAREH/NERER
HARG
/
火鍋小夥伴
超在24
A2/5/2/2
4人超滿足豪華7主菜套餐1480元2000元
美味湯頭4選1ammac
豪華主餐7種都有
時令蔬英y
BA
路
A/28/
S
火鍋小夥伴
22
禁食2個4
霞2/
机
烏2/?等方
梅機+線上?金壽斯50g
270/04
$300
HITE
——
Nettien
施政及文衛視病發後,農村的農地、麵線、等級、勝門西站的隱為里,真材與異動時,將以單曲而且雜代,那不另行通知。
BREMENYURBHANA
14
讚
留言
1次分享
分享
",0,0.281616162,0,0,31,1,102,NER,0,0,0,0,-1
U21,4,1653884025000-2022-05-30-12-13-45-9-Facebook.jpg,1,"JEYuniko
1
小時
前
本週的實況行程來了
我
在此宣佈這週是
大工商週~~~還有海
藤
正
治
期待已久的你行你上主
播賽評實
境
也
來
囉
5/30(-)19:00twitch頻道carry_game首
播你行你上!
來看看素
人
主
播
們
的
查看更多厲...
x
",0,0.458383838,0,0,32,0,102,0,1,0,0,0,-1
U21,4,1653884026000-2022-05-30-12-13-46-9-Facebook.jpg,0,"本週的實況行程來了
我
在
此
宣
佈
這週
是
大工商週~~~還有海藤
正治
期
待已久的你
行你
上
主播賽評實
境
也
來
囉
5/30(-)19:00twitch頻道carry_game首
播你行你上!來看看素
人
主
播
們
的厲...查看更多
",0,0.74,0,0,32,0,103,0,1,0,0,0,-1
U21,4,1653884027000-2022-05-30-12-13-47-9-Facebook.jpg,0,"本週的實況行程來了
我
在此
宣
佈
這
週
是
大工商週~~~還有海藤正治
期待已久的你行你
上
主播賽評
實境也來囉
5/30(-)-19:00twitch頻道carry_game首
播你行你上!來看看素
人
主播
查看更多們的厲...
",0,0.74,0,0,32,0,104,0,1,0,0,0,-1
U21,4,1653884028000-2022-05-30-12-13-48-9-Facebook.jpg,0,"803
讚
留言
14則留言?4次分享
分享
",0,0.343063973,0,0,33,0,105,0,0,0,0,0,-1
U21,4,1653884028000-2022-05-30-12-13-48-9-Facebook.jpg,1,"蔡黃汝
BE19:10O
看完這張
是
否想
跟
我
一
起
來
份
港式菠蘿油和凍檸茶聊聊未來,
眼前
的
高
光
時刻
L:MarcJacobs
x
",0,0.396936027,0,0,34,0,105,0,1,0,0,0,-1
U21,4,1653884029000-2022-05-30-12-13-49-9-Facebook.jpg,0,"803
讚
留言
14則留言?4次分享
分享
",0,0.10989899,0,0,33,0,106,0,0,0,0,0,-1
U21,4,1653884029000-2022-05-30-12-13-49-9-Facebook.jpg,1,"蔡黃汝
BE19:10
O
看
完這張是否想跟我一
起來
份
港式菠蘿油和凍檸茶聊聊未來,
眼前
的
高
光
時刻
:MarcJacobs
x
",0,0.63010101,0,0,34,0,106,0,1,0,0,0,-1
U21,4,1653884030000-2022-05-30-12-13-50-9-Facebook.jpg,0,"?
港式菠蘿油和凍檸茶聊聊未來3
眼
前
的
高
光
時刻
L:
MarcJacobs
Wish朱宇謀和其他8,539人
讚
留言
169則留言?41次分享
",0,0.706700337,0,0,35,0,107,0,1,0,0,0,9
U21,4,1653884030000-2022-05-30-12-13-50-9-Facebook.jpg,1,"為你推薦
...
x
",0,0.033299663,0,0,35,0,107,0,0,0,0,0,9
U21,4,1653884031000-2022-05-30-12-13-51-9-Facebook.jpg,0,"為你推薦
日本史專日本史專欄
52419:17.
以免
有人真的混淆wwww
武田信玄死於1573年
,
查看真田信繁當...
遊
戲裡
︰
史實中:
Wish朱宇謀和其他8,539人169則留言?41次分享
讚
留言
分享
x
更多
",0,0.74,0,0,35,0,108,0,1,0,0,0,9
U21,4,1653884032000-2022-05-30-12-13-52-9-Facebook.jpg,0,,0,0.004680135,0,0,35,0,109,0,0,0,0,0,9
U21,4,1653884032000-2022-05-30-12-13-52-9-Facebook.jpg,1,"為你推薦
x
日本史專日本史專欄
52419:17-0
以免有人真的混淆wwww
武田信玄死於1573年,真田信繁當...查看更多
遊戲裡:
史實中:
?館?????!
?館?????!
幸村????!
貴?、誰尤ㄗㄗㄗ!
",0,0.735319865,0,0,36,0,109,0,1,0,0,0,10
U21,4,1653884033000-2022-05-30-12-13-53-9-Facebook.jpg,0,"?館?????!
幸村ㄡㄡㄏㄡ!
1,088
讚
?館?????!
貴?、誰尤ㄗㄗㄗ!
87則留言?113次分享留言
分享
",0,0.624208754,0,0,37,0,110,0,1,0,0,0,11
U21,4,1653884033000-2022-05-30-12-13-53-9-Facebook.jpg,1,"統一PECOS
PECOS
贊助
水逆心情不美麗,想吃美食療癒自己?!
但在輿論暴風眼的風象星座,
x
",0,0.115791246,0,0,38,0,110,0,0,0,0,0,-1
U21,4,1653884034000-2022-05-30-12-13-54-9-Facebook.jpg,0,"唐綺陽
1,848
讚
留言
ALKALINEWATER
衡
點
!
菜
讓話
論焦
跟點
!?
PH
9.0
|鹼性限子水
10則留言?2次分享
分享
",0,0.469326599,0,0,39,0,111,0,1,0,0,0,-1
U21,4,1653884034000-2022-05-30-12-13-54-9-Facebook.jpg,1,"女網
有了
wtf中
x
二次元高校
PF15:32
友上網抱怨:男友劈腿被朋友拍到,照片都
硬
坳
兩人
只
是
好兄弟
華電
4G信
FF4:40
黃
",0,0.270673401,0,0,40,0,111,0,0,0,0,0,-1
U21,4,1653884035000-2022-05-30-12-13-55-9-Facebook.jpg,0,"1,848
PH
9.0
鹼性孩子水
10則留言?2次分享
分享
ALKALINEWATER
讚
留言
論
跟點
!?
",0,0.296767677,0,0,39,0,112,0,0,0,0,0,-1
U21,4,1653884035000-2022-05-30-12-13-55-9-Facebook.jpg,1,"女網
友
有了硬
中
華電
二次元高校
PF15:32O
上
網抱
怨
坳兩人只
信
4G
x
:男友劈腿被朋友拍到,照片都
是
好兄弟
FF4:40
黃
",0,0.443232323,0,0,41,0,112,0,1,0,0,0,-1
U21,4,1653884036000-2022-05-30-12-13-56-9-Facebook.jpg,0,"那我有跟他怎麼樣嗎
15
讚
只是朋友需要挽著手嗎?
留言
3則留言
分享
",0,0.411245791,0,0,42,0,113,0,1,0,0,0,-1
U21,4,1653884036000-2022-05-30-12-13-56-9-Facebook.jpg,1,"勾錐
李宣槿
BE13:36.
李宣槿
2019
年5
月29日
宣
緊分享東西都是喜歡才分享你看他分享貓貓還是ㄋㄟㄋㄟ都是他喜歡的...查看更多
",0,0.328754209,0,0,43,0,113,0,0,0,0,0,-1
U21,4,1653884037000-2022-05-30-12-13-57-9-Facebook.jpg,0,,0,0.034141414,0,0,43,0,114,0,0,0,0,0,-1
U21,4,1653884037000-2022-05-30-12-13-57-9-Facebook.jpg,1,"勾錐
宣緊
你
都
cudc23.
李宣槿
PE13:36O
李宣
槿
2019年5月29日分享東西都是喜歡才分享分享貓貓還是ㄋㄟㄋㄟ查的...看更多
看他
是他喜
歡
x
",0,0.705858586,0,0,44,0,114,0,1,0,0,0,-1
U21,4,1653884038000-2022-05-30-12-13-58-9-Facebook.jpg,0,"4
讚
留言
1則留言
分享
",0,0.487845118,0,0,44,0,115,0,1,0,0,0,-1
U21,4,1653884038000-2022-05-30-12-13-58-9-Facebook.jpg,1,"清
李富徵會熄火梅竹7-11旁邊他一直著好久
看
亮
剛剛有
幫你
踢
側
柱了,希望他會熄火XD
交二手大拍賣XD源·11小時前.電車的人
x
",0,0.252154882,0,0,45,0,115,0,0,0,0,0,-1
U21,4,1653884039000-2022-05-30-12-13-59-9-Facebook.jpg,0,,0,0.044242424,0,0,45,0,116,0,0,0,0,0,-1
U21,4,1653884039000-2022-05-30-12-13-59-9-Facebook.jpg,1,"25281
清交二手大拍賣XD李富源·11小時前.徵會熄火電車的人梅竹7-11旁邊一直亮著好久有幫你踢側
看他
剛剛
EQH0695
...
柱了,希望他會熄火XD
9
|159-CN
x
",0,0.695757576,0,0,46,0,116,0,1,0,0,0,-1
U21,4,1653884040000-2022-05-30-12-14-00-9-Facebook.jpg,0,"的人
李富源·11小時前,徵會熄火電車竹7-11旁看他一直亮著好久剛剛有你踢側柱了,希望他會熄火XD
梅
邊
幫
EQH0695
D
159-CN
",0,0.74,0,0,47,0,117,0,1,0,0,0,-1
U21,4,1653884041000-2022-05-30-12-14-01-9-Facebook.jpg,0,"12
KAD195
S2NIL
讚
留言
5則留言
傳送
A
1159-CN
",0,0.676397306,0,0,48,0,118,0,1,0,0,0,-1
U21,4,1653884041000-2022-05-30-12-14-01-9-Facebook.jpg,1,"AcerTaiwan
x
acer
",0,0.063602694,0,0,49,0,118,0,0,0,0,0,-1
U21,4,1653884042000-2022-05-30-12-14-02-9-Facebook.jpg,0,"讚
留言
12
5則留言
傳送
|159-CNC
",0,0.340538721,0,0,50,0,119,0,0,0,0,0,9
U21,4,1653884042000-2022-05-30-12-14-02-9-Facebook.jpg,1,"reurl.cc
AcerTaiwan
...
x
acer
TAWAR
贊助
全新Swift3輕薄筆電X動感美少女謙謙閃亮登場!...查看更
多
intel
evo
通博inteleEvo?造
搭
載?位
代
(IntelsCore?i5處理訊
15
22235
520台端足全方位需求,搭鐵第12代Incatsureunghwa
",0,0.399461279,0,0,51,0,119,0,1,0,0,0,-1
U21,4,1653884043000-2022-05-30-12-14-03-9-Facebook.jpg,0,"動感美少女議
@yu_chian1006
reurl.cc
Swift3輕纖玩色
41
com版·
瞭解詳情
11萬次瀏覽
讚
留言
分享
雙兒ShuangEr
LIVE
正在直播-在玩ArenaofValoro1小時前#21早安全世界~!!晚點腸腸~~米訂閱我~加入我的支持者吧!查看更多
組隊實戰:公
..
直播
好友在?
10/201
Stre
Sn
otArton
王
UN
「銀
行
出版
periane
和
TOKK
BREATHN
MS.
HV
0
",0,0.74,0,0,52,0,120,0,1,0,0,0,10
U21,4,1653884044000-2022-05-30-12-14-04-9-Facebook.jpg,0,"直播
63
凸讚
訂閱
856&0
182
X=0
在?能准器
80則留言,10次分享
分享
留言
",0,0.506363636,0,0,53,0,121,0,1,0,0,0,11
U21,4,1653884044000-2022-05-30-12-14-04-9-Facebook.jpg,1,"App系
列找工作集散地【找開發工程師(iOS、Android、U、H5)、設計師(UI/UX)、專案管理、接案、外包、就業、海外、合作夥伴】
n
i
ty
JustKiddi?-9小時前
",0,0.233636364,0,0,54,0,121,0,0,0,0,0,-1
U21,4,1653884045000-2022-05-30-12-14-05-9-Facebook.jpg,0,"63
讚
讚
留言
App系列找工作集散地【找開發工程師(iOS、Android、Unity、H5)、設計師(UI/UX)專案管理、接案、外包、就業、海外、合作夥伴】J?stKiddin9小時前·
everyoneare
Helloyoulookingforapple
developer
enterprise
account
is
availablein
lowpriceDMmenow
翻譯年糕
1
留言
80則留言,10次分享
分享
2則留言
分享
x
",0,0.74,0,0,54,0,122,0,1,0,0,0,-1
U21,4,1653884046000-2022-05-30-12-14-06-9-Facebook.jpg,0,"讚
App系列找工作集散地【找開發工程師(iOS、Android、UnityH5)、設計師(UI/UX)專案管理、接案、外包、就業海外、合作夥伴】
、
、
J?stKiddi?-9小時前
Helloeveryoneareyoulookingforapple
developer
enterprise
account
isavailableinlowpriceDMmenow
翻譯年糕
1
2則留言
留言
分享
x
",0,0.692390572,0,0,54,0,123,0,1,0,0,0,-1
U21,4,1653884046000-2022-05-30-12-14-06-9-Facebook.jpg,1,"wwwww
有笑有讚
1小時
前
x
",0,0.047609428,0,0,55,0,123,0,0,0,0,0,-1
U21,4,1653884047000-2022-05-30-12-14-07-9-Facebook.jpg,0,"凸讚
Helloeveryoneareyoulookingforapple
developer
enterprise
account
is
availablein
lowpriceDMmenow
翻譯年糕
1
留言
2則留言
分享
",0,0.506363636,0,0,56,0,124,0,1,0,0,0,-1
U21,4,1653884047000-2022-05-30-12-14-07-9-Facebook.jpg,1,"www.
有笑有讚
1小
時前
把拔是
創
意大師
當
圖片來源:蝦密迷因負責小孩萬聖節打扮的責任落在上時:
老爸身
",0,0.233636364,0,0,57,0,124,0,0,0,0,0,-1
U21,4,1653884048000-2022-05-30-12-14-08-9-Facebook.jpg,0,"1
2則留言
分享
讚
留言
",0,0.15956229,0,0,56,0,125,0,0,0,0,0,-1
U21,4,1653884048000-2022-05-30-12-14-08-9-Facebook.jpg,1,"有笑有讚
x
1
小時前
把拔是創意大師
圖
片來源:蝦密迷因當負責小孩萬聖節打扮的責任落在上時:
老爸身
pepsi
",0,0.58043771,0,0,57,0,125,0,1,0,0,0,-1
U21,4,1653884049000-2022-05-30-12-14-09-9-Facebook.jpg,0,"讚
留言
2則留言
分享
",0,0.15956229,0,0,56,0,126,0,0,0,0,0,-1
U21,4,1653884049000-2022-05-30-12-14-09-9-Facebook.jpg,1,"有笑有讚
x
1小時
前
把拔是創意
大師
圖片來源:蝦密迷因當負責小孩萬聖節打扮的責任落在上時:
老爸身
pepsi
",0,0.58043771,0,0,57,0,126,0,1,0,0,0,-1
U21,4,1653884051000-2022-05-30-12-14-11-9-Facebook.jpg,0,"1
小
時前
把拔是創意大師圖片來源:蝦密迷因小孩萬聖節打扮的責任落在時:
當
負責
老爸身
上
pepsi
189
凸讚
留言
譯:@蝦密迷因
5則留
言,14次分享
分享
",0,0.688181818,0,0,58,0,127,0,1,0,0,0,-1
U21,4,1653884051000-2022-05-30-12-14-11-9-Facebook.jpg,1,"HowHow
Fun如何爽
x
FUN
贊
助
?
",0,0.051818182,0,0,59,0,127,0,0,0,0,0,-1
U21,4,1653884052000-2022-05-30-12-14-12-9-Facebook.jpg,0,"把拔是創意大師
圖片來源:蝦密迷因當負責小孩萬聖節打扮的責任落在
老爸身上時:
pepsi
189
讚
留言
譯:@
5則留言,14次
分享
蝦密迷因
分享
",0,0.651986532,0,0,60,0,128,0,1,0,0,0,-1
U21,4,1653884052000-2022-05-30-12-14-12-9-Facebook.jpg,1,"***
x
FUN
HowHowFun如何爽好how笑....查看更多
贊
助
",0,0.088013468,0,0,61,0,128,0,0,0,0,0,-1
U21,4,1653884053000-2022-05-30-12-14-13-9-Facebook.jpg,0,"圖片來源:蝦密迷因當負責小孩萬聖節打扮的責任落在老爸身上時:
pepsi
189
凸讚
留言
5則留
譯:@蝦密迷因
言
?1
4次分享
分享
",0,0.558552189,0,0,58,0,129,0,1,0,0,0,-1
U21,4,1653884053000-2022-05-30-12-14-13-9-Facebook.jpg,1,"HowHowFun如何爽贊助
FUN
好how笑。...查看更多
",0,0.181447811,0,0,62,0,129,0,0,0,0,0,-1
U21,4,1653884054000-2022-05-30-12-14-14-9-Facebook.jpg,0,"當負責小孩萬聖節打扮的責任落在老爸身上時:
pepsi
189
5則留言,14次
讚
分享
留言
譯:@蝦密迷因
分享
",0,0.556026936,0,0,60,0,130,0,1,0,0,0,-1
U21,4,1653884054000-2022-05-30-12-14-14-9-Facebook.jpg,1,"FUN
HowHowFun如何爽好how笑。查看更多
贊
助
",0,0.183973064,0,0,61,0,130,0,0,0,0,0,-1
U21,4,1653884055000-2022-05-30-12-14-15-9-Facebook.jpg,0,"當負責小孩萬聖節打扮的責任落在老爸身上時:
pepsi
>你和其他189人
讚
留言
譯:@蝦密迷因
5則留言?14次分享
分享
",0,0.555185185,0,0,63,0,131,0,1,0,0,0,-1
U21,4,1653884055000-2022-05-30-12-14-15-9-Facebook.jpg,1,"HowHow
Fun如何爽
FUN
贊
助
◆
好how笑。....查看更多
x
",0,0.184814815,0,0,64,0,131,0,0,0,0,0,-1
U21,4,1653884056000-2022-05-30-12-14-16-9-Facebook.jpg,0,"你和其他189人
讚
留言
5則留言,14次分享
分享
",0,0.109057239,0,0,65,0,132,0,0,0,0,0,-1
U21,4,1653884056000-2022-05-30-12-14-16-9-Facebook.jpg,1,"5,577
讚
HowHowFun如何爽
FUN
贊
助
好how笑。...查看更多
CARLIE
黑人牙膏煥新好來
為你推薦
你要確定
188則留言?85次分享116萬次瀏覽
留言
分享
姆士捲在別問你會怕。
週六20:29台中市
餒
。
...
",0,0.630942761,0,0,66,0,132,0,1,0,0,0,-1
U21,4,1653884057000-2022-05-30-12-14-17-9-Facebook.jpg,0,,0,0.02993266,0,0,65,0,133,0,0,0,0,0,-1
U21,4,1653884057000-2022-05-30-12-14-17-9-Facebook.jpg,1,"5,577
讚
HowHowFun如何爽
FUN
贊
助
好how笑。...
.查看更多
DARLE
黑人牙膏煥新好來
188則留言?85次分享?116萬次瀏覽
分享
為你推薦
姆士捲
在
別問你會怕。
P
週六20:29·台中市
你要確定
妥
#姆士捲
「姆士你的圖都好好笑喔
...
x
x
",0,0.71006734,0,0,66,0,133,0,1,0,0,0,-1
U21,4,1653884058000-2022-05-30-12-14-18-9-Facebook.jpg,0,"5,577
讚
DARLIE
好來。
美好因笑容而來
CON
188則留言,85次分享116萬次瀏覽
留言
分享
為你推薦
...
週六
2
姆士捲在別問你會怕。台中市0:29你要確定餒。姆士你的圖都好好笑喔友一定也很有趣吧?」
#姆士捲
「
跟
你
當
朋
|我本人:
DARLIE
游人分成:
",0,0.74,0,0,66,0,134,0,1,0,0,0,-1
U21,4,1653884059000-2022-05-30-12-14-19-9-Facebook.jpg,0,"5,577
讚
姆士捲在
週六2
餒
DARLIE
好?。
美好因笑容而?
188則留言,85次分享116萬次瀏覽
留言
分享
為你推薦
別問你會怕。
台中0:29
市
你要確定
。
#姆士捲
「姆士你的圖都好好笑喔
跟你當朋友一定也很有趣吧?」
|我本人
:
DARLIE
家人氣南下
...
x
",0,0.74,0,0,66,0,135,0,1,0,0,0,-1
U21,4,1653884060000-2022-05-30-12-14-20-9-Facebook.jpg,0,"讚
留言
分享
",0,0.098956229,0,0,66,0,136,0,0,0,0,0,-1
U21,4,1653884060000-2022-05-30-12-14-20-9-Facebook.jpg,1,"|我本人:
為你推薦
週六
2
0:29,台中
市
你要確定餒。
姆士捲在別問你會怕。你的圖都好好笑喔
#姆士捲
「
姆
士
跟你當
朋
友一定也很有趣吧?」
x
",0,0.641043771,0,0,67,0,136,0,1,0,0,0,-1
U21,4,1653884061000-2022-05-30-12-14-21-9-Facebook.jpg,0,"|我本人:
為你推薦
姆士捲
P
週六2
0:29,台中市
你要確定餒。
#姆士捲
「
姆士你的圖都好好笑喔
跟你當朋
在別問你會怕。
友一定也很有趣吧?」
...
@姆士捲
x
",0,0.74,0,0,68,0,137,0,1,0,0,0,-1
U21,4,1653884062000-2022-05-30-12-14-22-9-Facebook.jpg,0,"你要確定餒
#姆士捲
「
姆
士
跟你當
|我本人:
姆士
捲
二
F週六20:29.台中市
9,868
讚
你的圖都好好笑喔
朋
留言
在別問你會怕。
友一定也很有趣吧?」
@
姆
士捲
102則留言?161次分享
分享
",0,0.74,0,0,68,0,138,0,1,0,0,0,-1
U21,4,1653884063000-2022-05-30-12-14-23-9-Facebook.jpg,0,"你要確定
#姆士捲
「
姆
士
跟
你當
|我本人:
9,868
讚
餒
你的圖都好好笑
朋
留言
喔
友一定也很有趣吧?」
@
姆
士捲
102則留言.161次分享
分享
",0,0.734478114,0,0,69,0,139,0,1,0,0,0,-1
U21,4,1653884063000-2022-05-30-12-14-23-9-Facebook.jpg,1,,0,0.005521886,0,0,70,0,139,0,0,0,0,0,-1
U21,4,1653884064000-2022-05-30-12-14-24-9-Facebook.jpg,0,"9,868
讚
留言
@
姆
士捲
102則留言?161次分享
分享
",0,0.522356902,0,0,70,0,140,0,1,0,0,0,-1
U21,4,1653884064000-2022-05-30-12-14-24-9-Facebook.jpg,1,"x
Yahoo!奇摩新聞3小時前鄰居感歎許男照顧老母長達20多年、其實很孝順,但他不好思向外界求助生憾
意
,沒想到會發
事......查
看
更
多
i
",0,0.217643098,0,0,71,1,140,Yahoo!奇摩,0,0,0,0,-1
U21,4,1653884065000-2022-05-30-12-14-25-9-Facebook.jpg,0,"留言
@
姆
士捲
102則留言?161次分享
分享
9,868
讚
",0,0.332121212,0,0,70,0,141,0,0,0,0,0,-1
U21,4,1653884065000-2022-05-30-12-14-25-9-Facebook.jpg,1,"Yahoo!奇摩新聞
新聞
3小時前
多年、其實
很
孝
順
,但
他
不
好
發
生憾
事......查看更多
x
",0,0.407878788,0,0,72,1,141,Yahoo!奇摩,1,0,0,0,-1
U21,4,1653884066000-2022-05-30-12-14-26-9-Facebook.jpg,0,"留言
@姆士捲
102則留言?161次分享
分享
9,868
讚
",0,0.155353535,0,0,70,0,142,0,0,0,0,0,-1
U21,4,1653884066000-2022-05-30-12-14-26-9-Facebook.jpg,1,"留言
Yahoo!奇摩新聞
新聞
3小時前
鄰居感歎許男照顧老母長達
20
多年、其實
很
孝
順,但他
不
好
意
,沒想到會發
生憾
事.....…查看更多
思向外界求助i孝子顧逾20年歎:想悲歌!推癱母下樓亡
tw.news.yahoo.com
長照
一起解脫
2,885
431則留言.54次分享
凸讚
分享
x
",0,0.584646465,0,0,72,1,142,Yahoo!奇摩,1,0,0,0,-1
U21,4,1653884067000-2022-05-30-12-14-27-9-Facebook.jpg,0,,0,0.004680135,0,0,72,0,143,0,0,0,0,0,-1
U21,4,1653884067000-2022-05-30-12-14-27-9-Facebook.jpg,1,"Yahoo!奇摩新聞
新聞
3小
時
前
鄰居感歎許男照顧老母長達20
多年、
其
實
很
孝
順
,但他不好意
思
向外
,沒想到會
發
生憾
事.......查看更多
界求助i孝子顧逾20年歎:想悲歌!推癱母下樓亡
tw.news.yahoo.com
長
照
一起解脫
2,885
431則留言?54次分享
讚
留言
分享
",0,0.626262626,0,0,73,1,143,Yahoo!奇摩,1,0,0,0,-1
U21,4,1653884067000-2022-05-30-12-14-27-9-Facebook.jpg,2,"為你推薦
週六20:44
...
",0,0.109057239,0,0,74,0,143,0,0,0,0,0,-1
U21,4,1653884068000-2022-05-30-12-14-28-9-Facebook.jpg,0,"順,但
他不好意
思
向外
界求助
生憾
事......查看更多
i
tw.news.yahoo.com
長
照
悲
孝子顧逾20年歎:想歌!推癱母下樓亡
一起解脫
2,885
431則留言?54次分享
讚
留言
分享
,沒想到會發
",0,0.518989899,0,0,73,1,144,tw.news.yahoo,1,0,0,0,-1
U21,4,1653884068000-2022-05-30-12-14-28-9-Facebook.jpg,1,"為你推薦
週六20:44
愛爾達體育家族●迎接台灣的第一次亞奧運新項目#4X400混合接力,
!
這次#臺灣田徑公開賽也有
!...查看更多
",0,0.221010101,0,0,75,1,144,愛爾達體育家族,0,0,0,0,-1
U21,4,1653884069000-2022-05-30-12-14-29-9-Facebook.jpg,0,"留言
tw.news.yahoo.com
長照
孝子顧逾20年歎:想悲歌!推癱母下樓亡
一起解脫
2,885
431則留言,54次分享
讚
分享
",0,0.401144781,0,0,73,1,145,tw.news.yahoo,1,0,0,0,-1
U21,4,1653884069000-2022-05-30-12-14-29-9-Facebook.jpg,1,"為你推薦
愛爾達體育家族◎
CLA
週六20:44·
迎接台灣的第一次
!
亞
#4X400混合接力,奧運新項目
這次#臺灣田徑公開賽也有
Re
!...查看更多
LABl
...
",0,0.338855219,0,0,76,1,145,愛爾達體育家族,0,0,0,0,-1
U21,4,1653884070000-2022-05-30-12-14-30-9-Facebook.jpg,0,"2,885
讚
留言
tw.news.yahoo.com
長
照
孝子顧逾20年歎:想悲歌!推癱母下樓亡
一
起
解脫
431則留言?54次分享
分享
",0,0.394410774,0,0,73,1,146,tw.news.yahoo,1,0,0,0,-1
U21,4,1653884070000-2022-05-30-12-14-30-9-Facebook.jpg,1,"為你推薦
接力,
愛爾達體育家族●
體週六20:44
迎接
台
灣的第一次!
亞
奧
#4X400混運新項目
合
這次#臺灣田徑公開賽也有
LASE
2021
查看更多!...
",0,0.345589226,0,0,77,1,146,愛爾達體育家族,0,0,0,0,-1
U21,4,1653884071000-2022-05-30-12-14-31-9-Facebook.jpg,0,"留言
tw.news.yahoo.com
長
孝子顧逾20年歎:想照悲歌!推癱母下樓亡
一起解脫
2,885
431則留言?54次分享
凸讚
分享
",0,0.394410774,0,0,73,1,147,tw.news.yahoo,1,0,0,0,-1
U21,4,1653884071000-2022-05-30-12-14-31-9-Facebook.jpg,1,"愛爾達體育家族●
週六20:44·
迎接台灣的第一次!
亞
,
#4X400混合接力奧運新項目這次#臺灣田徑公開賽也有!...查看更多
LA
為你推薦
202
...
P
201
",0,0.345589226,0,0,76,1,147,愛爾達體育家族,0,0,0,0,-1
U21,4,1653884072000-2022-05-30-12-14-32-9-Facebook.jpg,0,,2,0.74,1,0,78,0,148,0,1,0,0,0,-1
U21,4,1653884074000-2022-05-30-12-14-34-9-Facebook.jpg,0,"馮雪英
只能說他顧母親
顧到失去
理
智,2
拾多
年
顧
病
人
",2,0.108215488,1,0,78,0,149,0,1,0,0,0,-1
U21,4,1653884074000-2022-05-30-12-14-34-9-Facebook.jpg,1,",世上應該沒幾人能忍受這的痛苦吧,兒子三餐都成問題,那來5萬,有錢人不知窮人的悲哀
2小時讚回覆
229
陳俊龍馮雪英是啊.有錢人上酒店一攤5...
查看其他
6則
回
覆......
湯
雅芳
立
法安
樂死,是有必要的,
2小時讚回覆
187
楊博
湯雅芳只是安樂死,會影響醫療....舜
查看其他
6
則
回
覆...
...
鄭煥
社會底層的悲歌~~
二十几年就算有存款也都花光了,
以為有房子可以遮風避雨
殊不知~~
2小
因為這間房子...查看更多莊慧怡鄭煥銀行現在有以房養老方案
時
回覆讚
110
",2,0.631784512,1,0,78,0,149,0,1,0,0,0,-1
U21,4,1653884075000-2022-05-30-12-14-35-9-Facebook.jpg,0,"2小
時
讚回覆
229
陳俊
龍
馮雪
英
是啊.有錢人上酒店一攤5...
查看其他6則回覆......
湯雅芳
立
法安
樂死,是有必要的,
2小時讚
回
覆
187
楊
博
舜
湯
雅芳
只是安樂死,會影響醫療
查看其他6則回覆......
鄭煥
社
會
底
層
的悲
歌
~~
二十几
年
就
算
有
存
款
也都花光了,
以為有房子可以遮風避雨
殊不知~~
因
2小時
查看更多為這間房子...鄭煥銀行現在有以房養老方案慧怡
讚回
覆
110
莊
查看其他5則回覆......
王瑞斌
社會家庭的悲劇
支持
安
樂
死
~
47分鐘讚回覆3
",2,0.74,1,0,78,0,150,0,1,0,0,0,-1
U21,4,1653884076000-2022-05-30-12-14-36-9-Facebook.jpg,0,"我支持
查看其他6則回覆......
湯雅芳
立
法安樂死,是有必要的,
2小
時
讚
回
覆
187
楊博舜湯
只是安樂死,會影響醫療....雅芳
查看其他6則回覆......
鄭煥
社會
底
層的悲歌~~
二十
几
年
就
算
有
存
款也都花光了,
以
為
有房子可以遮風避雨
",2,0.358215488,1,0,78,0,151,0,1,0,0,0,-1
U21,4,1653884076000-2022-05-30-12-14-36-9-Facebook.jpg,1,"110
銀行現在有以房養老方案
殊不知~~
因為這間房
子...查看更多
2小
時
讚回覆
莊慧怡鄭
煥
查看其他5則回覆......
王瑞斌
社會家庭的悲劇
支
持
安
樂
死
~
47分鐘讚回覆3
Mimi
Yang
或許連求救都不知道方法!
",2,0.381784512,1,0,78,0,151,0,1,0,0,0,-1
U21,4,1653884077000-2022-05-30-12-14-37-9-Facebook.jpg,0,"19
Yang
連
318
x
回覆
3
求救都不知道方法!
時
讚
15
孫淑梅MimiYang求助無門吧?
2小
讚時
回
覆
楊博舜湯雅芳只是安樂死,會影響醫療
查看其他6則回覆......
鄭煥
社會
底
層
的悲歌~~
二十几年
就
算有
存
款
也都花光了,
以為有房子可以遮風避雨
殊不
知
~~
2小
因為這間房子...查看更多莊慧怡鄭煥銀行現在有以房養老方案
時
讚
回
覆
110
查看其他5則回覆......
王瑞斌
社
會家
庭的悲劇
支持安樂死~
47分鐘
讚
Mimi
或許
2小
馬國育
",2,0.74,1,0,78,0,152,0,1,0,0,0,-1
U21,4,1653884078000-2022-05-30-12-14-38-9-Facebook.jpg,0,"(我支持
社會底層的悲歌~~
二十几年就算有存款也都花光了,
以
為
有
房
子
可
以
遮風避
雨
",2,0.08969697,1,0,78,0,153,0,1,0,0,0,-1
U21,4,1653884078000-2022-05-30-12-14-38-9-Facebook.jpg,1,"殊不知~~
因為這間房子...查看更多
2小時讚回覆
莊慧怡鄭
煥
查看其他
5
則回覆......
王瑞斌
社會家庭的悲劇
支持安
樂死
~
47分鐘讚回覆
3b
Mimi
Yang
或
許
連求救
都不知道方法!
2小時讚回覆
15
孫淑梅MimiYang求助無門吧?
馬國育
20
年
很
辛
苦
很
累
很心酸
我照顧中風老爸五年
就已經快要崩潰邊
緣
身心靈都累
2小時
讚
回覆85
110
銀行現在有以房養老方案
",2,0.65030303,1,0,78,0,153,0,1,0,0,0,-1
U21,4,1653884079000-2022-05-30-12-14-39-9-Facebook.jpg,0,"2小
因為這間房子...查看更多鄭煥銀行現在有以房養老方案慧怡
時
回覆讚
110
莊
查看其他5則回覆......
王瑞斌
社會家
庭
的
悲劇
支持安樂
死
~
47分鐘
回覆3讚
Mimi
Yang
或許連求救
都不知道方法!
2小
讚回時
覆
15
孫
MimiYang求助無門吧?淑梅
馬國育
20年很辛
苦
很累很心酸
我照顧中風老爸五年
就
已經快要崩潰邊緣
身心靈都累
2小
時
張德倫
大家都想當好
想死的也圖
這些在世的人...400
讚回覆85FO
人,該
死
的判不
了
死,
不到一個解脫,然後苦了
",2,0.74,1,0,78,0,154,0,1,0,0,0,-1
U21,4,1653884080000-2022-05-30-12-14-40-9-Facebook.jpg,0,"支持
安
樂
死
~
47分鐘讚
回覆
3
Mimi
Yang
或許
連
求救都不知道方法!
2小時讚回覆
15
孫淑梅MimiYang求助無門吧?
馬
國育
20年很辛
苦
很累很心酸
我照顧中風老
爸
五年
就已經快要崩潰邊緣
身
心
靈
都
累
2小時讚回覆85
張德倫
大家都想
當好人,該死
想
死的也圖
不到
一
這些在世的人...400
#安
樂
死
不是殘忍
#
而是對生命的另一種尊重
#因為上位者從來不
曉得
死
2小時讚回覆
的判不了死,
個解脫,然後苦了
什麼叫生不如
140
",2,0.74,1,0,78,0,155,0,1,0,0,0,-1
U21,4,1653884081000-2022-05-30-12-14-41-9-Facebook.jpg,0,"馬國育
20年很辛苦很累很心酸
我照顧中風老
爸
五
年
",2,0.074545455,1,0,78,0,156,0,1,0,0,0,-1
U21,4,1653884081000-2022-05-30-12-14-41-9-Facebook.jpg,1,"就已經快要
崩
潰邊
緣
身
心
靈都累
2小時讚回覆85
張德
倫
大家都想當好人,該死的判不了死,
想
死
的
也
圖
不
到
一
個
解
脫,然
後苦了
這些在世的人...400
#安樂死不
是殘忍
#而是對生命的另一種尊
重
#因為上位者從來不曉得什麼叫生不如
死
2小
時
讚回
覆
140
盧彥合張德倫說的好:生不如死是很多底....
查看其他4則回覆......
KikiWang
照
顧
病人
只
有當事
者才知
道多麼的心
累
跟
無
止境的想要一起尋死
3小時讚
回
覆
79
戴鶴玲
",2,0.665454545,1,0,78,0,156,0,1,0,0,0,-1
U21,4,1653884082000-2022-05-30-12-14-42-9-Facebook.jpg,0,"讚
時
2小
回覆85Q
張
德
倫
大
家都
想
當
好人,該死
的判不
了死,
想
死
的
也圖不到一
個
解
脫,然
後苦了
這些在世的人...400
#安樂死不是殘忍
#
而是
對
生
命的另一種尊
重
#
因
為上位者從來不曉得什麼叫生不如
死
2小時讚
回
覆
140
盧彥
張德倫說的好:生不如死是很多底...合
查看其他4則回覆......
KikiWang
照
顧
病人
只
有當
事者才知
道多麼的心
累
跟
無
止
境
的想要
一起尋死
3小時讚回
覆
79
戴鶴玲
唉
!有1966喘息,或許
弱
勢,我照顧
",2,0.635151515,1,0,78,0,157,0,1,0,0,0,-1
U21,4,1653884082000-2022-05-30-12-14-42-9-Facebook.jpg,1,"我媽還
好有兒子幫助。不然我也會瘋
了。
3小時讚回覆
65
",2,0.104848485,1,0,78,0,157,0,1,0,0,0,-1
U21,4,1653884083000-2022-05-30-12-14-43-9-Facebook.jpg,0,"大家都想當
好人,該死的判
了死,
想
死
的也圖不到一個解脫,然後苦了
這些在世的人...400
#安
樂
死不是殘忍
#
而是對生命
的另一種尊
重
",2,0.175555556,1,0,78,0,158,0,1,0,0,0,-1
U21,4,1653884083000-2022-05-30-12-14-43-9-Facebook.jpg,1,"#因為上位者從來不
曉
得什麼叫生不如
死
2小時讚回覆
140
盧彥
合
張德倫說的好:生不如死是很多底...
查看其他4則
回
覆......
Kiki
Wang
照顧病人
只
有當事者才知
道多麼的心
累跟無
止
境
的想要一起尋死
3小時讚回覆
79
戴
鶴
玲
唉!有1966喘息,或
許
弱
勢,我照顧
我媽還好有兒子幫助。不然我也會瘋
了
。
3小時讚
回
覆
65T
陳維馨戴鶴玲1966,長照沾醬油~翻
查看其他16則回覆......
",2,0.564444444,1,0,78,0,158,0,1,0,0,0,-1
U21,4,1653884085000-2022-05-30-12-14-45-9-Facebook.jpg,0,"2小時讚
回
覆
140
盧彥
合
張德倫說的好:生不如死是很多底...
查看其他4則回覆......
Kiki
Wang
",2,0.132626263,1,0,78,0,159,0,1,0,0,0,-1
U21,4,1653884085000-2022-05-30-12-14-45-9-Facebook.jpg,1,"照顧
病人
只
有當
事者才知道多麼的心
累
跟
無
止
境
的想
要
一起尋死
3小時讚回覆
79
戴
鶴
玲
唉!有1966
喘
息
,
或
許
弱
勢,我照顧
我媽還好有兒子幫助。不然我也會瘋
了。
3小時讚回覆
65
陳維馨戴鶴玲1966長照沾醬油~翻
查看其他
16則回覆......
錢信德
沒有經歷
過
長
照
的
人,不懂得這
種心
情…或許方法不對值得商
榷
,但請不
要酸他…他的內心
一
定比你我都累都
痛
苦
…
2小時讚回覆
148
陳豊荃錢信德你說很對的確很辛苦啦!...
查看其他
1
則回覆......
",2,0.607373737,1,0,78,0,159,0,1,0,0,0,-1
U21,4,1653884086000-2022-05-30-12-14-46-9-Facebook.jpg,0,"查看其他4則回覆......
KikiWang
",2,0.057710438,1,0,78,0,160,0,1,0,0,0,-1
U21,4,1653884086000-2022-05-30-12-14-46-9-Facebook.jpg,1,"照
顧病人
只
有
當事者才知
道多麼的心
累
跟
無
止
境的
想
要
一起尋死
3小時讚回覆
79
戴鶴玲
唉!有1966喘息,或許弱勢,我照顧
我媽
還好
有
兒
子
幫
助。不
然
我
也
會瘋
了。
3小
讚回覆時
65
陳維馨戴鶴玲1966,長照沾醬油~翻
查看其他
16則回覆......
錢信德
沒有
經
歷過
長
照
的
人,不懂
得
這
種
心
情…
或
許方法不對值得商榷,但請不要酸他…他的內心一定比你我都累都
痛苦…
2小
讚回時
覆
148
陳豊荃錢
信
你說很對的確很辛苦啦!...德
查看其他1則回覆......
孫淑梅
可憐呀...!
",2,0.682289562,1,0,78,0,160,0,1,0,0,0,-1
U21,4,1653884087000-2022-05-30-12-14-47-9-Facebook.jpg,0,"13
錢信德
覆......
累
跟
無
止境的想要一起尋死
3小時讚回覆
戴鶴玲
唉!有1966喘息,或
許
弱
勢,我照顧
我媽還好有兒子幫助。不然我也
會瘋
了
。
3小時讚回覆
65
陳維
戴馨
鶴玲
1966,長照沾醬油~翻
查看其他16則回覆......
錢信德
沒有
經
歷過長照
的人,不
懂
得這種
心
情…或許
方
法
不
對
值
得商榷,但請不
要酸他…他
的內
心
一
定比你我都累
都
痛
苦…
2小時
讚
148
陳
豊
荃
你說很對的確很辛苦啦!...
查看其他1則回
孫淑梅
可憐呀...!
經歷過這種相似
情境的人,
才懂得漫長
+無助+壓力一肩
扛
的況味
!
也許...同歸於盡,對他來說
才能真正的
79b
",2,0.74,1,0,78,0,161,0,1,0,0,0,-1
U21,4,1653884088000-2022-05-30-12-14-48-9-Facebook.jpg,0,"查看其他16則回覆......
錢信德
沒有經歷
過
長
照的
人,不懂
得
這
種
心
情…或許方法不對值得商榷,但請不要酸他…他的內心一定比你我都
累都
痛苦…
2小
時
讚回
覆
148
陳豊荃錢
信
你說很對的確很辛苦啦!....德
查看其他1則回覆......
孫淑梅
可
憐
呀
...
!
經歷過這
種
相似情境的人,
才懂得漫長
+無助+壓力
一
肩
扛
的況味!
",2,0.442390572,1,0,78,0,162,0,1,0,0,0,-1
U21,4,1653884088000-2022-05-30-12-14-48-9-Facebook.jpg,1,"也許...同
*...!
1小時
讚回覆
65
對他來說才能真正的歸於盡,我老了如這樣有安樂死就好了,不要
?頭號粉絲
PeiPeiKuan
拖累
家
人
2小時讚回覆
78
JasmineChangPeiPeiKuan推安樂死...
",2,0.297609428,1,0,78,0,162,0,1,0,0,0,-1
U21,4,1653884090000-2022-05-30-12-14-50-9-Facebook.jpg,0,"使含
◆頭號粉絲
PeiPeiKuan
我老了如這樣有安樂死就好了,不要
拖累家人
2小時讚回覆
78b
JasmineChangPeiPeiKuan推安樂死...
查看其他16則回覆......
蘇雪華
20年真的是顧到自己也老了,沒有經
歷過的又如何體會他當時的心情
2小時讚回覆
236
王偉蘇雪華嗨,很好的評論我必須承認
林韋名
支持安樂
2小時讚回覆14
林紫榆
我們的總統府長官在哪裡?
1小時讚回覆
17
(鄒高賢林紫榆台灣有長官嗎怎麼都看不
查看其他11則回覆......
孫立
20多年了....孝子做夠了啦……久病床
",2,0.74,1,0,78,0,163,0,1,0,0,0,-1
U21,4,1653884091000-2022-05-30-12-14-51-9-Facebook.jpg,0,"王偉蘇雪華嗨,很好的評論我必須承認...
林韋名
支持安樂
2小時讚回覆
14
林紫榆
我們的總統府長官在哪裡?
1小時讚回覆
17
鄒高賢林紫榆台灣有長官嗎怎麼都看不...
查看其他11則回覆.......
孫立玟
20多年了.....孝子做夠了啦……久病床
前本來就沒孝子.....
2小時讚回覆
10
王偉孫立嗨,很好的評論我必須承認...
查看其他1則回覆......
電頭號粉絲
陳禹廷
支持安樂死~
2小時讚回覆13
李昔珍
照顧人,真的很磨心
",2,0.74,1,0,78,0,164,0,1,0,0,0,-1
U21,4,1653884093000-2022-05-30-12-14-53-9-Facebook.jpg,0,"查看其他11則回覆......
孫立
",2,0.057710438,1,0,78,0,165,0,1,0,0,0,-1
U21,4,1653884093000-2022-05-30-12-14-53-9-Facebook.jpg,1,"20多年了.....孝子做夠了啦……久病床
前本來就沒孝子...
2小時讚回覆
10.
王偉孫立嗨,很好的評論我必須承認...
查看其他1則回覆......
?頭號粉絲
陳禹廷
支持安樂死~
2小時
讚回覆13
李昔珍
照顧人,真的很磨心
2小
時
讚回
4覆
蘇勇嘉
我
照顧爸爸中風10年,日子真不知道
怎麼撐
過來,我能理解,照顧20年心
酸
2小時
讚
回覆
35
張晉嘉
政府只會劫貧濟富,自己照顧的經
驗,別
指
望
政府,希望他不要來擾亂
",2,0.682289562,1,0,78,0,165,0,1,0,0,0,-1
U21,4,1653884094000-2022-05-30-12-14-54-9-Facebook.jpg,0,"查看其他1
電頭號粉絲
陳
禹
廷
支持安樂死
2小
時
讚
回覆13
李昔珍
照顧人,真的很磨心
2小時
讚
回
4覆
蘇勇
嘉
我照顧爸爸中
風10年,日子真不知道
怎麼撐
過
能
理
解
,照
顧20年心
酸
2小
時
讚
回覆
35
張晉嘉
政府只會劫貧
濟
富,自己照顧的經
驗,別指望
政
府,希望他
不
要
就保
佑
了
2小
時
讚
回覆
新昌王
如果可以尊嚴善終,擇這
他
絕
對
不
會選
王偉孫立嗨,很好的評論我必須承認...
則回覆....
..
~
來,我
來擾亂
10
種方式結束母親的
",2,0.74,1,0,78,0,166,0,1,0,0,0,-1
U21,4,1653884095000-2022-05-30-12-14-55-9-Facebook.jpg,0,"王偉孫立嗨,很好的評論我必須承認...
查看其他1則回覆.....
.
陳
禹
♁頭號粉絲廷支持安樂死2小
~
時
讚
回覆13
",2,0.186498316,1,0,78,0,167,0,1,0,0,0,-1
U21,4,1653884095000-2022-05-30-12-14-55-9-Facebook.jpg,1,"李昔珍
照顧人,真
的很磨心
2小時讚回覆46
蘇勇嘉
我照顧爸
爸中
風
10年,日子真不知道解,照顧20年心
怎麼撐過來,我
能
理
酸
2小時讚回覆
張晉嘉政府只會劫貧濟富,自己照顧的經,別指望府,希他不要來
驗
政
望
擾亂
就保佑了
2小
讚時
回覆
10
新昌王
如果可以尊嚴善終,不會選擇這種方式結束母親的
他
絕
對
生命!
355
",2,0.553501684,1,0,78,0,167,0,1,0,0,0,-1
U21,4,1653884097000-2022-05-30-12-14-57-9-Facebook.jpg,0,"******
GIF
9
1
ㄅㄉㄨㄓ
ㄆㄊㄍㄣㄔ
ㄇㄋㄎㄕˊ<ㄈㄌㄏㄏ
ㄖ
2小
讚回覆4時蘇勇嘉照10年,日子真不知道解,照顧20年心
我
顧
爸
爸中
風
怎麼
撐過
來,我能
理
酸
2小時讚回覆
35
張?嘉
政府只會劫貧濟富,自己照顧的經政府,希望他不要來擾亂
驗
,別指
望
就
同室
10
?
!
ㄚㄞㄢㄦ
ㄕ
ㄛ
ㄣ
ㄘ
ㄨ
ㄜ
ㄠㄤ
ㄙㄩ
ㄝ
ㄨㄥ
保
佑了·
",2,0.74,1,0,78,0,168,0,1,0,0,0,-1
U21,4,1653884098000-2022-05-30-12-14-58-9-Facebook.jpg,0,,2,0.003838384,1,0,78,0,169,0,1,0,0,0,-1
U21,4,1653884098000-2022-05-30-12-14-58-9-Facebook.jpg,1,"照顧爸爸中風10年,日子真不知道來,我能理解,照顧20年心
怎
麼撐
過
酸
2小
35
讚回覆時晉嘉政府只會劫貧濟富,自己照顧的經驗,別指望政府,希望他要來擾亂
張
不
就保佑了2小時讚回覆王
10
新
昌
如果可以尊嚴善終,
ㄉ素滑座法任+?什士內部的
GIF
家
1
ㄅ
.
就叫交加建ㄓㄉㄨㄚㄞㄢㄦㄆㄊㄍㄣㄔㄛㄕㄧㄣㄑㄕㄋㄎㄘㄨㄜㄠㄤㄈㄉㄏTㄖㄙㄩㄝㄨㄥ
ㄇ
",2,0.736161616,1,0,78,0,169,0,1,0,0,0,-1
U21,4,1653884099000-2022-05-30-12-14-59-9-Facebook.jpg,0,,2,0.003838384,1,0,78,0,170,0,1,0,0,0,-1
U21,4,1653884099000-2022-05-30-12-14-59-9-Facebook.jpg,1,"加油
爸爸中風10年,日子真不知道來,我能理解,照顧20年心
怎麼撐
過
酸
355
張
2小時讚回覆晉嘉政府只會劫貧濟富,自己照顧的經驗,別指望政府,希望他不要來擾亂就保佑了2小時讚回覆新昌王果可以尊嚴善終,
10
如
初春漫輕法任子?什士网部人
GIF
站
/
ㄓ
啦機添醋廠條〉ㄅㄉㄨㄚㄞㄢㄦㄆㄊㄍㄛㄣㄔㄕㄋㄎㄕ<ㄘㄨㄜㄠㄤㄈㄌㄏㄒㄖㄙㄩㄝㄨㄥ
-
ㄐ
ㄇ
",2,0.736161616,1,0,78,0,170,0,1,0,0,0,-1
U21,4,1653884100000-2022-05-30-12-15-00-9-Facebook.jpg,0,"怎
麼
撐
過
酸
2小
35
照顧爸爸中風10年,日子真不知道來,我能理解,照顧20年心讚回覆時劫貧濟富,自己照顧的經府,希望他不要擾亂讚回覆
張
政
晉嘉府只會,別指
驗
望
政
來
就保
佑
了
2小
時
10
新昌王
如
果可以尊嚴善終,
分春最座法任子?什士最新
加油
GIF
.
/
.
站啦機添醋廠條價ㄅㄉㄨㄓㄚㄞㄢㄦㄛㄊㄍㄐㄔㄕㄧㄣㄕㄎ<ㄣㄨㄠㄤㄜㄈㄌㄏTㄖㄙㄩㄝㄨㄥ
ㄆ
ㄇ
ㄋ
",2,0.74,1,0,78,0,171,0,1,0,0,0,-1
U21,4,1653884101000-2022-05-30-12-15-01-9-Facebook.jpg,0,"怎
理
解,照
酸
35
張
晉
嘉
蘇勇嘉我照顧爸爸中風10年,日子真不知道麼撐過來,我能顧20年心2小時讚回覆府只會劫貧濟富,自己照顧的經,別指望政府,希望他不要就保佑了讚回覆新昌王果可以尊嚴善終,
政
驗
來
擾亂
2小
時
10b
如
分百奏樂有法任子?什士网日版
加油
GIF
1
.
站啦機添醋廠條價>ㄅㄉㄨㄓㄚㄞㄢㄦㄆㄊㄍㄣㄛㄔㄕㄧㄣㄇㄋㄎ<ㄕㄣㄨㄠㄤㄜㄏㄒㄖㄙㄩㄝㄨㄥ
ㄈ
ㄌ
",2,0.74,1,0,78,0,172,0,1,0,0,0,-1
U21,4,1653884102000-2022-05-30-12-15-02-9-Facebook.jpg,0,"tw.news.yahoo.com
長
照
孝子顧逾20年歎:想悲歌!推癱母下樓亡
一起解脫
2,895
431則留言?54次分享分享
讚
留言
",0,0.394410774,0,0,73,1,173,tw.news.yahoo,1,0,0,0,-1
U21,4,1653884102000-2022-05-30-12-15-02-9-Facebook.jpg,1,"為你推薦
愛爾達體育家族◎ELTA週六20:44·迎接台灣的第一次!亞奧運新項目#4X400混合接力,這次#臺灣田徑公開賽也有!...查看更多
",0,0.345589226,0,0,75,1,173,愛爾達體育家族,0,0,0,0,-1
U21,4,1653884103000-2022-05-30-12-15-03-9-Facebook.jpg,0,"tw.news.yahoo.com
長照悲歌!推癱母下樓亡孝子顧逾20年歎:想
一起解脫
2,895
431則留言?54次分享
凸讚
留言
分享
",0,0.371683502,0,0,73,1,174,tw.news.yahoo,1,0,0,0,-1
U21,4,1653884103000-2022-05-30-12-15-03-9-Facebook.jpg,1,"為你推薦
週
六
20:44
愛爾達體育家族●迎接台灣的第一次!#4X400混合接力,奧運新項目這次#臺灣田徑公開賽也有!...查看更多
亞
LA包
202
...
",0,0.368316498,0,0,75,1,174,愛爾達體育家族,0,0,0,0,-1
U21,4,1653884104000-2022-05-30-12-15-04-9-Facebook.jpg,0,"tw.news.yahoo.com
長照悲歌!推癱母下樓亡孝子顧逾20年歎:想
一起解脫
2,895
431則留言?54次分享
讚
",0,0.332121212,0,0,73,1,175,tw.news.yahoo,0,0,0,0,-1
U21,4,1653884104000-2022-05-30-12-15-04-9-Facebook.jpg,1,"為你推薦
...
愛
分享爾達體育家族迎接台灣的第一次!亞奧運新項目#4X400混合接力,這次#臺灣田徑公開賽也有!...查看更多
週六
20:44·
LoL
",0,0.407878788,0,0,75,0,175,0,1,0,0,0,-1
U21,4,1653884105000-2022-05-30-12-15-05-9-Facebook.jpg,0,"分享
讚
留言
",0,0.094747475,0,0,75,0,176,0,0,0,0,0,-1
U21,4,1653884105000-2022-05-30-12-15-05-9-Facebook.jpg,1,"為你推薦
愛爾達體育家族◎週六20:44迎接台灣的第一次!#4X400混合奧運新項目接力,也有!...次#臺灣田徑公開賽查看更多
亞
這
LTA
202
00
簡綾圻LingQiJian和其他2,147人28則留言,39次分享
分享
凸讚張堂傑、林至信和李柏霖都說英雄聯盟讚。英雄聯盟◎
...
x
F
...
",0,0.645252525,0,0,79,1,176,愛爾達體育家族,1,0,0,0,-1
U21,4,1653884106000-2022-05-30-12-15-06-9-Facebook.jpg,0,"...
x
簡綾圻LingQiJian和其他2,147人28則留言39次分享凸讚留言分享張堂傑、林至信和李柏霖都說英雄聯盟讚。英雄聯盟贊助◆12.10版本西域牛仔系列造型西域牛仔賽恩...查看更多
造型道
12.10
PBE
6則留言?1次分享2.8萬次瀏覽分享
讚
留言
128
",0,0.663771044,0,0,79,0,177,0,1,0,0,0,-1
U21,4,1653884106000-2022-05-30-12-15-06-9-Facebook.jpg,1,"x
遊戲大亂鬥週日11:06
",0,0.076228956,0,0,80,0,177,0,0,0,0,0,-1
U21,4,1653884108000-2022-05-30-12-15-08-9-Facebook.jpg,0,"留言
分享
讚
",0,0.078754209,0,0,79,0,178,0,0,0,0,0,-1
U21,4,1653884108000-2022-05-30-12-15-08-9-Facebook.jpg,1,"遊戲大亂鬥分惡夢..
週
日11:06
Apex
單
排
爬
#Apex英雄#分段#南瓜王投稿
20
10
--
HotJ
南瓜王投稿
《Apex
英雄
》
接近
95%玩家都這個分段
league-funny.com
Apex
英
《Apex英雄》接近玩家都在這個分段以95%下,網︰超難爬分|雄277則留言?25次分享
1,064
讚
留言
分享
i
",0,0.622053872,0,0,80,0,178,0,1,0,0,0,-1
U21,4,1653884108000-2022-05-30-12-15-08-9-Facebook.jpg,2,"...
為你推薦赤望之希望之聲國際廣播電臺SoundofHope
",0,0.039191919,0,0,81,0,178,0,0,0,0,0,-1
U21,4,1653884109000-2022-05-30-12-15-09-9-Facebook.jpg,0,,0,0.023198653,0,0,81,0,179,0,0,0,0,0,-1
U21,4,1653884109000-2022-05-30-12-15-09-9-Facebook.jpg,1,"20
10
e
Ape
#A
Hot
遊戲大亂鬥
週
日
11:06
x
單
排
爬
分
惡夢..
pex英
#分段#南瓜王投稿雄
i
□
南瓜王投稿
英雄》接近95%玩家都這個分段的
《Apex
league-funny.com
1,064
《Apex英雄》接近玩家都在這個分段以95%下,網︰超難爬分|Apex英雄277則留言,25次分享留言希望之聲國際廣播電臺SoundofHope希望之聲RadioNetwork
讚
分享
",0,0.622053872,0,0,80,0,179,0,1,0,0,0,-1
U21,4,1653884109000-2022-05-30-12-15-09-9-Facebook.jpg,2,"為你推薦
...
SOUSEDEHITE
",0,0.094747475,0,0,82,0,179,0,0,0,0,0,-1
U21,4,1653884111000-2022-05-30-12-15-11-9-Facebook.jpg,0,"10
--
Hot南瓜王投稿
《Apex
英雄95%玩家都這個分段
》接近
league-funny.com
《Apex英雄》接近
玩家都在這個分段以95%
下,網︰
超
|難爬分
Apex英
雄
1,064
277則留言?25次分享
讚
分享
",0,0.395252525,0,0,80,0,180,0,1,0,0,0,-1
U21,4,1653884111000-2022-05-30-12-15-11-9-Facebook.jpg,1,"?望之服
SOUNDOFHOPE
為你推薦
希望之聲國際廣播電臺SoundofHope
Radio
Network
52408:30
砭讓我開心
",0,0.344747475,0,0,81,0,180,0,0,0,0,0,-1
U21,4,1653884112000-2022-05-30-12-15-12-9-Facebook.jpg,0,,0,0.02993266,0,0,80,0,181,0,0,0,0,0,-1
U21,4,1653884112000-2022-05-30-12-15-12-9-Facebook.jpg,1,"now
留言薦希望之聲國際廣播電臺SoundofHope?望之聲
為你推
...
SOUNDSENOVE
Radio
Network
52408:30
#讓我開心
",0,0.71006734,0,0,81,0,181,0,1,0,0,0,-1
U21,4,1653884113000-2022-05-30-12-15-13-9-Facebook.jpg,0,"讚
6萬2,400則留言1.2萬次分享302萬次瀏覽留言分享星座準不準
",0,0.195757576,0,0,83,0,182,0,0,0,0,0,-1
U21,4,1653884113000-2022-05-30-12-15-13-9-Facebook.jpg,1,"....
x
PF22:05
KTV唱1800元!妹子習慣」嗆:他傻眼女友
「沒有付錢
沒錢
別
交
了
42
1則留言?2次分享
分享
讚留言孫培原和吳芝妍都說DARLIE好來讚。
",0,0.5,0,0,84,0,182,0,1,0,0,0,25
U21,4,1653884113000-2022-05-30-12-15-13-9-Facebook.jpg,2,"...
x
",0,0.044242424,0,0,85,0,182,0,0,0,0,0,26
U21,4,1653884114000-2022-05-30-12-15-14-9-Facebook.jpg,0,"727
讚
留言血黏加藤軍台灣粉絲團2.0
44則留言?28次分享134萬次瀏覽
分享
",0,0.273198653,0,0,85,0,183,0,0,0,0,0,26
U21,4,1653884114000-2022-05-30-12-15-14-9-Facebook.jpg,1,"KATOARMY
1小時前·女
這
前女
友和我分手
嫁
給
了
我小舅
,
了
一個小孩
後,又
女
x
和我舅舅離婚和我哥交往了起來,現在?懷孕又
友嗎?
",0,0.466801347,0,0,86,0,183,0,1,0,0,0,27
U21,4,1653884116000-2022-05-30-12-15-16-9-Facebook.jpg,0,"讚
留言
分享
",0,0.085488215,0,0,85,0,184,0,0,0,0,0,26
U21,4,1653884116000-2022-05-30-12-15-16-9-Facebook.jpg,1,"前
被我哥給甩了
血模型加藤軍台灣粉絲團2.0吉特201
KATO
ARMY
1小時前·女
這
女友和我分手嫁
給
了
我小舅
,
生
了
一個小孩後,又和我舅舅離婚和我哥交往了起來,現在剛懷孕又
,通常這種情況,我還能娶我前女
友嗎?
",0,0.654511785,0,0,86,0,184,0,1,0,0,0,27
U21,4,1653884117000-2022-05-30-12-15-17-9-Facebook.jpg,0,"268則留言?6次分享
分享
1,651
凸讚
留言
",0,0.592222222,0,0,87,0,185,0,1,0,0,0,-1
U21,4,1653884117000-2022-05-30-12-15-17-9-Facebook.jpg,1,"宮崎駿的夢想之城小龍女的造型也很
BE20:57
O
其實
可愛啊~
#陳妍希#小龍女#古裝新造
型
",0,0.147777778,0,0,88,0,185,0,0,0,0,0,-1
U21,4,1653884118000-2022-05-30-12-15-18-9-Facebook.jpg,0,"1,651
讚
留言
268則留言?6次分享
分享
",0,0.212592593,0,0,89,0,186,0,0,0,0,0,-1
U21,4,1653884118000-2022-05-30-12-15-18-9-Facebook.jpg,1,"宮崎駿的夢想之城
BE20:57
其
實小龍女的造型
也
很
可
愛
啊~
#陳妍希#小
龍
#古裝新造型女
yummytw.com
誰說陳妍希的古裝醜?離開了「小龍女」再嘗試古裝,一下子美的認我們用電影寫日....
-不出!
12
1則留言
x
",0,0.527407407,0,0,90,0,186,0,1,0,0,0,-1
U21,4,1653884119000-2022-05-30-12-15-19-9-Facebook.jpg,0,"凸讚
女
#
#陳妍希#小龍
古裝新造型
yummytw.com
誰說陳妍希的古裝醜?離開了「小龍女」再嘗試-我們用電不出!影
古裝
,一下子美的認
寫日...
12
留言
1則留言
分享
",0,0.497104377,0,0,90,0,187,0,1,0,0,0,-1
U21,4,1653884119000-2022-05-30-12-15-19-9-Facebook.jpg,1,"可愛動物萌樂園
18分
鐘
前
女友
納豆前臨櫃領「200萬現金」林千又低頭一看傻眼:我無言
x
",0,0.242895623,0,0,91,0,187,0,0,0,0,0,-1
U21,4,1653884120000-2022-05-30-12-15-20-9-Facebook.jpg,0,"凸讚
yummytw.com誰說陳妍希的古裝醜?離開了「小龍女」再嘗試古裝,一下子美的認不-我們用電影寫日...出!
12
1則留言
留言
分享
",0,0.19996633,0,0,90,0,188,0,0,0,0,0,-1
U21,4,1653884120000-2022-05-30-12-15-20-9-Facebook.jpg,1,"林千
4
可愛動物萌樂園
18分鐘前
納豆
前
女
友
臨
「200萬現金」
又低頭一
看
我無言了
2則留言
讚
留言
分享林柏文、HuangPing-Ju和呂紹豪都說x
Samsung
讚。
櫃領
傻眼:
x
",0,0.54003367,0,0,92,0,188,0,1,0,0,0,-1
U21,4,1653884121000-2022-05-30-12-15-21-9-Facebook.jpg,0,"4
2則留言
讚
x
Samsung
讚。
留言分享林柏文、HuangPing-Ju和呂紹豪都說【GalaxyS22|李函的日常生活好partner】時代更要走在...
Samsung
SAMSUNG
贊助
走在時尚尖
端,在數位
查看
更多
+3
夜拍模式
",0,0.74,0,0,92,1,189,時尚,1,0,0,0,-1
U21,4,1653884122000-2022-05-30-12-15-22-9-Facebook.jpg,0,"餐3.7萬
:2
5
為你推薦x二次元?動漫和名沅。週四19轉生史萊姆10集解讀:大鬼族命名變化大,朱菜變萌妹,紫苑變豐滿!看更多當你跟蝙蝠俠決鬥了一整天之後還得去超市買菜回家做飯不像蝙蝠俠這麼有錢
4
4
...查
因為
你
463則留言?1,644次分享
",0,0.74,0,0,93,0,190,0,1,0,0,0,-1
U21,4,1653884123000-2022-05-30-12-15-23-9-Facebook.jpg,0,"台3.7萬
為你推薦
x
週四1
9
:25
轉
解
二次元?動漫和名沅。生史萊姆10集讀:大鬼族命名變化大,朱菜變萌妹,紫苑變豐滿!當你跟蝙蝠俠決鬥了一整天之後還得去超市買菜回家做飯不像蝙蝠俠這麼有錢
...查看更多
因為
你
463則留言?1,644次分享
",0,0.74,0,0,93,0,191,0,1,0,0,0,-1
U21,4,1653884124000-2022-05-30-12-15-24-9-Facebook.jpg,0,"因為
當你跟蝙蝠俠決鬥去超市買菜回家做飯
還得
你
不像蝙蝠俠這麼有錢
33.7萬
463則留言?1,644次分享
凸讚
留言
分享
",0,0.559393939,0,0,93,0,192,0,1,0,0,0,-1
U21,4,1653884124000-2022-05-30-12-15-24-9-Facebook.jpg,1,"...
8
為你推薦x遊戲基地Gamebase週五17:5看在PSN用戶有一億上,也難怪跟出訂閱制了i
",0,0.180606061,0,0,94,1,192,遊戲基地,0,0,0,0,-1
U21,4,1653884125000-2022-05-30-12-15-25-9-Facebook.jpg,0,"道3.7萬
讚
news.gamebase.com.tw
儘管首
Ryan
463則留言?1,644次分享
留言
分享
為你推薦
...
x遊戲基地Gamebase週五17:58看在PSN用戶有一億上,也難怪跟出訂閱制了
i
VOL
總裁Jim日上線引發價格反彈,SIE
希望PS
Plus
用
2戶在
023年增加到500...
",0,0.74,0,0,93,1,193,news.gamebase,1,0,0,0,-1
U21,4,1653884126000-2022-05-30-12-15-26-9-Facebook.jpg,0,"台3.7萬
讚
463則留言?1,644次分享
留言
分享
",0,0.17976431,0,0,93,0,194,0,0,0,0,0,-1
U21,4,1653884126000-2022-05-30-12-15-26-9-Facebook.jpg,1,"news.gamebase.com.tw
儘管首日上線引發價格
Ryan希望
PSPlus用戶
278
為你推薦
...
x遊戲基地Gamebase看在PSN用戶有一億上,也難怪跟出訂閱制了
週五17:58
i
VOLS
反
彈,SIE
總
裁
Jim
2023年增加到500...在
63則留言?3次分享
",0,0.56023569,0,0,94,1,194,news.gamebase,1,0,0,0,-1
U21,4,1653884127000-2022-05-30-12-15-27-9-Facebook.jpg,0,"163.7萬
凸讚
463則留言?1,644次分享
分享
留言
為你推薦
x
遊戲基地Gamebase有一億上,也難怪跟出訂閱制了
週五17:58
·
看在PSN用戶
i
AOXIL
news.gamebase.com.tw
儘管首日上線引發價格
反
彈,SIE
總
裁
Jim
Ryan希望PSPlus用
戶
2023年增加到500...在
278
63則留言?3次分享
讚
留言
分享
",0,0.74,0,0,93,1,195,遊戲基地,1,0,0,0,-1
U21,4,1653884128000-2022-05-30-12-15-28-9-Facebook.jpg,0,,0,0.74,0,0,93,0,196,0,1,0,0,0,-1
U21,4,1653884129000-2022-05-30-12-15-29-9-Facebook.jpg,0,,1,0.74,0,1,95,0,197,0,1,0,0,0,-1
U21,4,1653884131000-2022-05-30-12-15-31-9-Facebook.jpg,0,,1,0.74,0,1,95,0,198,0,1,0,0,0,-1
U21,4,1653884132000-2022-05-30-12-15-32-9-Facebook.jpg,0,,1,0.74,0,1,95,0,199,0,1,0,0,0,-1
U21,4,1653884133000-2022-05-30-12-15-33-9-Facebook.jpg,0,"新聞遊戲攻略遊戲序號動漫影劇手機遊
",1,0.74,0,1,95,0,200,0,1,0,0,0,-1
U21,4,1653884134000-2022-05-30-12-15-34-9-Facebook.jpg,0,"儘管首日上線引發價格反彈,SIE總Jim...X裁新聞遊戲攻略遊戲序號動漫影劇手機遊首頁/新聞/儘管自日上線引發價格反彈,S....
儘管首日上線引發價格反彈,SIE總裁Jim戶在2023年增加到
Ryan
PS
Plus
5000萬
員
目標一億用戶有5000萬人都是PLUS會2022-05-27|蓋子?
LINE
f
PlayStation
Plus
在
台
灣
及
亞
洲
先行
上線,但
因為回收會籍折扣價引發的爭議與反彈風波,最後以「技術性錯誤」為由在兩天內進行方試
修
正,並
感
謝
用戶
在
官
圖解決問題期間給予
的
耐心。根
據外媒
",1,0.74,0,1,95,0,201,0,1,0,0,0,-1
U21,4,1653884135000-2022-05-30-12-15-35-9-Facebook.jpg,0,"遊戲基地.com.tw
戶在2023年增加到
5000萬
目標一億用戶有5000萬人都是PLUS會
員
2022-05-27#7?
LINE
PlayStation
Plus
在
台灣
及
亞
洲
先行
上
線,但
因
為回收會籍折扣價引發的爭議與反彈風波,最後以「技術性錯誤」為由在兩天內進行修正,並感謝用戶在官方試解決問題期間給予的耐心。根據外媒
圖
VGC披
)
露,索尼互動娛樂(SIE總裁JimRyan在日前的Sony集團2022年事提到此次先行
業
說明會中
並
未
上
線
引發的
任何問題,並稱
市
場反
應
相當
積極
。
FYZ1:RecordEarningsinaTransitionYear
",1,0.74,0,1,95,1,202,遊戲基地,1,0,0,0,-1
U21,4,1653884136000-2022-05-30-12-15-36-9-Facebook.jpg,0,"MarriewantsRakutonComote
12
web-28|
80K
BOK
PSS
PS4
IN82
遊戲基地.com.tw
儘管首日上線引發價格反彈,SIE總新聞遊戲攻略遊戲序號動漫影劇手機遊在台灣及亞洲先行上線,但因為回收會籍折扣價引發的爭議與反彈風波,最後以「技術性錯誤」為由在兩天內進行修正,並感謝用戶在官方試解決問題期間給予的耐心。根據外媒
PlayStation
Plus
圖
VGC披
娛
)
露,索尼互動樂(SIE總裁JimRyan在日前的Sony集團2022年事業說明會中並未提到此次先行上任何問題,並稱市場反應相當積極
線引發的
0
FYZI:RecordEarningsinaTransitionYear
L
P55-UnprecedentedDemand
Pra
MEN
PlayStation:TheRoadtoProfitableTransformation
5
PITTE
GrowthVectors
Transformative
-
???
www
Ma
PS4
",1,0.74,0,1,95,1,203,遊戲基地,1,0,0,0,-1
U21,4,1653884137000-2022-05-30-12-15-37-9-Facebook.jpg,0,"12
PS
PIA
182
遊戲基地.com.tw
工水四前日收日相仍?度”于俄
儘管首日上線引發價格反彈,SIE總新聞遊戲攻略遊戲序號動漫影劇手機遊日與反彈風波,最後以「技術性錯誤」為由在兩天內進行修正,並感謝用戶在官方試解決問題期間給予的耐心。根據外媒VGC披露,索尼互動Ryan在日前的Sony集團2022年事業說明會中並未提到此次先行線引發的任何問題,並稱市場反應相當積極。
圖
娛
樂(SIE
)
總裁
Jim
上
FY21:RecordEarningsinaTransitionYear
b
PSS-UnprecedentedDemand
PlayStation:TheRoadtoProfitableTransformation
Co
ANG
Sowshint
Thing
CoreBiarese
80K
美
Tarpotans
LE
-
JA
I
",1,0.74,0,1,95,1,204,遊戲基地,1,0,0,0,-1
U21,4,1653884139000-2022-05-30-12-15-39-9-Facebook.jpg,0,"遊戲基地.com.tw
JimRyan在簡報會議上提到希望在
",1,0.74,0,1,95,1,205,遊戲基地,1,0,0,0,-1
U21,4,1653884140000-2022-05-30-12-15-40-9-Facebook.jpg,0,"遊戲基地.com.tw
JimRyan在簡報會議上提到希望在
",1,0.74,0,1,95,1,206,遊戲基地,1,0,0,0,-1
U21,4,1653884141000-2022-05-30-12-15-41-9-Facebook.jpg,0,"COADJEANEL
P54REMAINSKEYDRIVEROFPS
STOREREVENUE
遊戲基地.com.tw
新聞遊戲攻略遊戲序號動漫影劇手機遊示,由於原先Psnow用戶幾乎都有訂意度很高,而閱PSPlus,所以應該要整合,因此新版
JimRyan
表
ps
plus
滿
PSPlus整合原本獨立運作的PSnow雲
端遊戲服務,並根據地區服務內容分為基價,J
本
、升級、高級/尊榮等
不
同
牌
i
m
供
服
Ryan對此認為這將會為PlayStation提新的收益機會,新的務不僅可以最佳化數量,並且可以為用戶提供加入第二、第三層級的可能性,並獲得一系列真正具有魅力的功能與遊戲提議,他認為如果在用戶數量會增加,用戶
此
獲得成功,不
僅
的
ARPU(每位玩家
的
平均消費),兩方
面都會有機會增長。
RetainPost-COV00-19DigitalShit
7.ExpanentialGrowthtobeSustainnedbyPCTitlesBeyondFY22
gricertHUYGinail:
SeehomeosbyCames.
【DAYTHU
src
www.
20
",1,0.74,0,1,95,1,207,遊戲基地,1,0,0,0,-1
U21,4,1653884143000-2022-05-30-12-15-43-9-Facebook.jpg,0,"PSSTOREREVENUE
是
動漫影劇手機遊戲
新聞遊戲攻略
遊戲
序
號
JimRyan表示,由於原先psplus
滿意度很高,而
Ps
now
用戶幾乎都有訂
閱PSPlus
,所以
應
該要整合,因
此新版
PSPlus整合原本獨立運作的PSnow雲
端遊戲服務,並根據地區服務內容分為基
本、升級、高級/尊榮等不同牌價,Jim
供
Ryan對此認為這將會為PlayStation提新的收益機會,新的服務不僅可以最佳化數量,並且可以為用戶提供加入第二、第三層級的可能性,並獲得一系列真正具
有魅力的功能與遊戲提議,他認為如果在此獲得成功,不僅用戶數量會增加,用戶的ARPU(每位玩家的平均消費)
,
兩方
面都會有
機
會增
長。
RetainPost-COND-19DigitalShift
7.ExponentialGrowthtobeSustainedbyPCTitiesBeyondFY22
Signfied(OFGigath
EVO
Kl
Mes
PRIM
F1
..AndGameMonetizationisStronger
Piance
Spenet
magermanSe
PSAREMAINSKEYDRIVEROF
Sound
UnprecedentedChinaDemand
-
P25)
",1,0.74,0,1,95,0,208,0,1,0,0,0,-1
U21,4,1653884144000-2022-05-30-12-15-44-9-Facebook.jpg,0,"CoolSt
UnprecedentedChinaDemand
S
N-11-M
動漫影劇手機遊
遊戲基地.com.tw
遊
戲
序號
新聞遊戲攻略滿意度很高,而Psnow用戶幾乎都有訂
JimRyan
表
示
,
由
psplus於原先
閱PSPlus
,所以應該要整合,因
此新版
PSPlus整合原本獨立運作的PSnow雲並根據地區服務內容分為基
端遊
戲服務,
不
同
牌
價
,
J
im
本、升級、高級/尊榮等Ryan對此認為這將會為PlayStation提供新的收益機會,新的僅可以最佳化數量,並且可以為用戶提供加入第二、第三層級的可能性,並獲得一系列真正具
服
務
不
有魅力的功能與遊戲提議,他認為如果在獲得成功,不僅用戶數量會增加,用戶
此
的A
R
PU(每
位
玩
家的平均消費)
2
兩
方
面都會有機會增長。
RetainPost-COVID-19DigitalShift
7.ExponentialGrowthtobeSustainedbyPCTitlesBeyondFY22
PSAREMAINSKEYDRIVEROFPSSTOREREVENUE
SignficartHDYGinail:
Mynd
TOY30013
版
PEN
3000
in
www
PY2122
ww
AndGameMonetizationisStronger
155.carenSpertSeikgurhanPS4
",1,0.74,0,1,95,1,209,遊戲基地,1,0,0,0,-1
U21,4,1653884145000-2022-05-30-12-15-45-9-Facebook.jpg,0,"DeadShenrolSowd.
isw
samp
遊戲基地.com.tw
儘管首日上線引發價格反彈,SIE總裁Jim...新聞遊戲攻略遊戲序號動漫影劇手機遊滿意度很高,而Psnow用戶幾乎都有訂
JimRyan表示
,
psplus由於原先
閱PSPlus,所以應該要整合,因此新版
PSPlus整合原本獨立運作的PSnow雲端遊戲服務,並根據地區服務內容分為基本、升級、高級/尊榮等
不
同
牌
價
,J
i
m
Ryan對此認為這將會
為
PlayStation提
供
服
務
不
僅可以最佳
新的收益機會,新的化數量,並且可以為用戶提供加入第二、第三層級的可能性,並獲得一系列真正具
有魅力的功能與遊戲提議,他認為如果在
此獲得成功,不僅用戶數量會增加,用戶
的ARPU(每位玩家的平均消費)
,
兩
方
面都會有機會增
長。
...
RetainPost-COVID-19DigitalShift
7.ExponentialGrowthtobeSustainedbyPCTitlesBeyondFY22
254REMARSKEYDRIVEROFPSSTOREREVENUE
SignGrowth
Synd
BAYSGONE
|Z330
65%/
www.com
ww
www
FYI
FYINVIEND
Mi
UnprecedentedChinaDemand
AndGameMonetizationisStronger
155ZoneSpertPhilguhanSe
",1,0.74,0,1,95,1,210,遊戲基地,1,0,0,0,-1
U21,4,1653884150000-2022-05-30-12-15-50-9-Facebook.jpg,0,"STUDIOS
670K
Dow08commetrong
Loadshenieto
f
1
河
UnprecedentedChinaDemand
$69.81
FYZI
SELE
遊戲基地.com.tw
Retain
Post-COVID-19
Digital
Shit
7.ExponentialGrowthtobeSustainedbyPCTitlesBeyondFY22
PS4REMAINSKTYDRIVEROFPSSTORFREVENUE
SignfeetPDYGicath
and
DAY3000II
我
A
ww
Pra
CRISEAD
F20
AndGameMonetizationisStranger
FREEareeSportsisguiThanPSE
99.9K
|295.7K
PA
ReingeLaneignifeicessisticeBe
在
Ryan也預告同場發表會中,Jim
索尼
即將
為
PlayStationVR2準備20多
款遊戲,以及
本
年度還有
兩款未公開的線
到
2025年時,每年
上服務遊戲,並希望發表的遊戲有一半在PC以及手機平台推
出。
Game&NetworkServiceSeg
PlayStationGamesHaveNeverBeenBetter
IncredibleContent
...WiththeBestYettoCome
-
SPIDER-MAN
RATCHET
CLANK
GODOWAR
RETURNAL
HORIZON
回
SHOW2.2SPIDERMAN2WOLVERINE
grand""DEATHLOOPGERSHINHOGWARTSFORSPOKEN
",1,0.74,0,1,95,1,211,遊戲基地,1,0,0,0,-1
U21,4,1653884153000-2022-05-30-12-15-53-9-Facebook.jpg,0,"個北
遊戲基地.com.tw
CO
Niseko
口口濟心?易?科
HOKKAIDO
北海道
嚴選乳源
Niseko
*北海道白色情
把
整
收進一支
海
道
雪糕裡
相關連結
新
聞
來
源
VGC
",1,0.74,0,1,95,1,212,遊戲基地,1,0,0,0,-1
U21,4,1653884154000-2022-05-30-12-15-54-9-Facebook.jpg,0,"收進一支
把整個北
新聞遊戲攻略遊戲序號動漫影劇手機遊
Niseko
日日番心?易?新
HOKKAIDO
北海道
嚴選乳源
???
Niseko
*北海道白色情
海
道
雪糕裡
相關連結
新
聞
來
源
VGC
",1,0.74,0,1,95,0,213,0,1,0,0,0,-1
U21,4,1653884156000-2022-05-30-12-15-56-9-Facebook.jpg,0,"影
SANLUX
台灣三洋
選得
省
健
DC直流變頻冷氣
得巧
康
遊戲基地.com.tw
相關連結
新聞來源VGC
簡報圖片來源
SANLUX台灣三洋
生活空間大縮水「
SAN
台灣
自
好
呼吸更
Nisekex
每天?我重返
最
愛的
北海道
Niseko
",1,0.74,0,1,95,1,214,遊戲基地,1,0,0,0,-1
U21,4,1653884159000-2022-05-30-12-15-59-9-Facebook.jpg,0,"PLAYSTATION
me
遊戲基地.com.tw
新聞遊戲
遊戲序號動漫影劇手機遊戲攻略
索尼即將
為
PlayStationVR2準備20多
款遊戲,以及本
年
度還有兩款未公開的線
,每
年
上服務遊戲,並希望到2025年時PC以及手機平台推有一半在
發表的遊戲
出。
GamehNetworkSeriesSeonere
PlayStationGamesHaveNeverBeenBetter
IncredibleContent
..WiththeBestYettoCome
SPIDER-MAN
RATCHET
CLANK
ApusMona
GODOWAR
RAGNAROK
RETURNALHorizo
Forationwh
MAINE
C
回
SPIDER-MAN2WOLVERINETHESHOW22
grand""DEATHLOOP
GERSHIN
HOGWARTS
FORSPOKEN
thera
EU
NBAZK
FIFAAVATARFINALFANTASYXVI
GHOSTWIRE
FRONTIERSPANDORA
|meSecoMay201
CITIZANNE
相關連結
新聞來源VGC
Niseko
x
口口濃心刻刻幸福
Niseko
",1,0.74,0,1,95,1,215,遊戲基地,1,0,0,0,-1
U21,4,1653884164000-2022-05-30-12-16-04-9-Facebook.jpg,0,"首
彈
遊戲基地.com.tw
新聞遊戲攻略遊戲序號動漫影劇手機遊戲
您也可能喜歡這些文章
Xbox
專訪宮崎英高
透露《艾爾登法環...
跨平台
儘
管
日
上
線引
發
價
格
反
總裁...,SIE
跨平台
台積電一路殺到500
元以下?專家警告...
台股
預測
《FF14》
製
作
人
吉田
直樹談元宇宙:不...
跨平台
Niseko
x
口口濃心刻刻幸福
Niseko
",1,0.74,0,1,95,1,216,遊戲基地,1,0,0,0,-1
U21,4,1653884166000-2022-05-30-12-16-06-9-Facebook.jpg,0,"news.gamebase.com.tw
儘管首日上線引發價格反彈,SIE總裁Jim
Ryan希望PSPlus用戶在2023年增加到500...
278
63則留言?3次分享
讚
留言
分享
",1,0.287508418,0,1,95,1,217,news.gamebase,1,0,0,0,-1
U21,4,1653884166000-2022-05-30-12-16-06-9-Facebook.jpg,1,"TOTechOrange科技報橘
料換謝智
1小時前
家樂福是國內僅次好市多(Costco)的第2大
量販品牌,各方人馬都想搶下這隻金雞母。
i
Carrefour(4
家樂福
buzzorange.com
統一買家樂福談不攏!各路人馬競逐,專家:法
商添議價籌碼|TechOrange科技報橘
",1,0.452491582,0,1,95,1,217,TechOrange科技報橘,1,0,0,0,-1
U21,4,1653884167000-2022-05-30-12-16-07-9-Facebook.jpg,0,"278
63則留言?3次分享
讚
留言
分享
",1,0.154511785,0,1,95,0,218,0,1,0,0,0,-1
U21,4,1653884167000-2022-05-30-12-16-07-9-Facebook.jpg,1,"x
TOTechOrange科技報橘
ELE
1小時前
家樂福是國內僅次好市多(Costco)的第2大
量販品牌,各方人馬都想搶下這隻金雞母。
i
Carrefour(4
家樂福
buzzorange.com
統一買家樂福談不攏!各路人馬競逐,專家:法
商添議價籌碼|TechOrange科技報橘
11
1次分享
讚
留言
分享
",1,0.585488215,0,1,95,1,218,TechOrange科技報橘,1,0,0,0,-1
U21,4,1653884168000-2022-05-30-12-16-08-9-Facebook.jpg,0,"278
63則留言?3次分享
讚
留言
分享
",1,0.154511785,0,1,95,0,219,0,1,0,0,0,-1
U21,4,1653884168000-2022-05-30-12-16-08-9-Facebook.jpg,1,"x
TOTechOrange科技報橘
朔我?曬
1小時前
家樂福是國內僅次好市多(Costco)的第2大
量販品
牌,各方人馬都想搶下這隻金雞母。
Carrefour
公式
家樂福
buzzorange.com
統一買家樂福談不攏!各路人馬競逐,專家:法
商添議
價籌
|TechOrange科技報橘碼
11
1次分享
讚
留言
分享
i
",1,0.585488215,0,1,95,1,219,TechOrange科技報橘,1,0,0,0,-1
U21,4,1653884169000-2022-05-30-12-16-09-9-Facebook.jpg,0,"278
63則留言?3次分享
讚
留言
分享
",1,0.155353535,0,1,95,0,220,0,1,0,0,0,-1
U21,4,1653884169000-2022-05-30-12-16-09-9-Facebook.jpg,1,"x
TOTechOrange科技報橘
朔我略曬
1小時前
家樂福
是
國內僅次好
2大市多(Costco)的第
量販品
牌,各方人馬都想搶
下
這隻
金雞母。
CarrefourG
家樂福
buzzorange.com
統一買家樂福談不攏!各路人
馬競逐,專家:法
商
添議價籌|TechOrange科碼技
報
橘
11
1次分享
讚
留言
分享
i
1
",1,0.584646465,0,1,95,1,220,TechOrange科技報橘,1,0,0,0,-1
U21,4,1653884170000-2022-05-30-12-16-10-9-Facebook.jpg,0,,1,0.74,0,1,95,0,221,0,1,0,0,0,-1
U21,4,1653884171000-2022-05-30-12-16-11-9-Facebook.jpg,0,,1,0.74,0,1,95,0,222,0,1,0,0,0,-1
U21,4,1653884172000-2022-05-30-12-16-12-9-Facebook.jpg,0,"新零售
",1,0.74,0,1,95,0,223,0,1,0,0,0,-1
U21,4,1653884173000-2022-05-30-12-16-13-9-Facebook.jpg,0,"新零售
統一買家樂福談不攏!各路人馬競
逐,專家:法
商
添
議價
籌碼
2022-05-30
】全
【為什麼我們要挑選這篇文章聯成功併購大潤發之後,誰能買下台灣家樂福股權眾所矚目,且現在案可能出現變數。責
的
答
(
任編
",1,0.74,0,1,95,0,224,0,1,0,0,0,-1
U21,4,1653884174000-2022-05-30-12-16-14-9-Facebook.jpg,0,"新零售
統一買家樂福談不攏!各路人馬競逐,專家:法商添議價籌碼
2022-05-30
Carrefour(
家樂福
【為什麼我們要挑選這篇文章】全聯成功併購大潤發之後,誰能買下台灣家樂福股權眾所矚目,且現答案可能出現變數。責任編
在
的
(
",1,0.74,0,1,95,0,225,0,1,0,0,0,-1
U21,4,1653884175000-2022-05-30-12-16-15-9-Facebook.jpg,0,"家樂福
能
標
【為什麼我們要挑選這篇文章】全聯成功併購大潤發之後,誰買下台灣家樂福股權眾所矚目,且現在的答案可能出現變數。(責任編輯:藍立晴)台灣家樂福股權出售案傳出有新買家投入搶讓統一集團收購劇本再添變數;專家表統一與法商家樂福談不攏,關鍵可能在各馬搶親動作,讓法方掌握新的議價空間。傳言,台灣家樂福則回應,對相關報載不予置評。遠東、富邦媒表態有意收購!統一強
,
,
示路
人
針
對
市
場
",1,0.74,0,1,95,0,226,0,1,0,0,0,-1
U21,4,1653884176000-2022-05-30-12-16-16-9-Facebook.jpg,0,"聯
成
標
66【為什麼我們要挑選這篇文章】全功併購大潤發之後,誰能買下台灣家樂福股權眾所矚目,且現在的答案可能出現變數。(責任編輯:藍立晴)台灣家樂福股權出售案傳出有新買家投入搶,讓統一集團收購劇本再添變數;專家表示,統一與法商家樂福談不攏,關鍵可能在路人馬搶親動作,讓法方掌握新的議價空間。針對市場傳言,台灣家樂福則回應,對相關報載不予置評。遠東、富邦媒表態有意收購!統一強調:有優先權去年底,法商家樂福(Carrefour)傳出將釋出
各
",1,0.74,0,1,95,0,227,0,1,0,0,0,-1
U21,4,1653884178000-2022-05-30-12-16-18-9-Facebook.jpg,0,"如
",1,0.74,0,1,95,0,228,0,1,0,0,0,-1
U21,4,1653884180000-2022-05-30-12-16-20-9-Facebook.jpg,0,"專家:不排除法商坐地起價如今,市場再傳出達勝集團董事長郭冠國泰金名譽副董蔡鎮宇,都有興趣買進台灣家樂福股權;意以共組基金方式參與競標,蔡鎮宇則想買下統一持有的4成台灣家樂福股權,純粹投資、共享獲利。
商研院經
示,統
月
因
素
應
",1,0.74,0,1,95,0,229,0,1,0,0,0,-1
U21,4,1653884181000-2022-05-30-12-16-21-9-Facebook.jpg,0,"278
63則留言?3次分享
留言
分享
",0,0.155353535,0,0,96,0,230,0,0,0,0,0,-1
U21,4,1653884181000-2022-05-30-12-16-21-9-Facebook.jpg,1,"11
凸讚TOTechOrange科技報橘1小時前家樂福是國內僅次2大好市多(Costco)的第販品牌,各方人馬都想搶下這隻金雞母。
鞘我眼.
量
i
Carrefour
家樂福
buzzorange.com
統
一
買
家樂福談不攏!各路人馬競逐,專家:法|TechOrange籌碼科技報橘
商
添
議
價
1次分享
讚
留言
分享
.
",0,0.584646465,0,0,97,1,230,TechOrange科技報橘,1,0,0,0,-1
U21,4,1653884183000-2022-05-30-12-16-23-9-Facebook.jpg,0,"sat.cool
#即將恢
1天領#1000
1,380
復原價19960
元折
#
優
於7
#風林火山...價券
瞭解詳情折倒數188則留言?80次分享-82萬次瀏覽留言分享
讚
",0,0.414612795,0,0,98,0,231,0,1,0,0,0,-1
U21,4,1653884183000-2022-05-30-12-16-23-9-Facebook.jpg,1,"清交
二
手大拍賣XD
x
賴翔·週四20:03
徵:110006224的同學,因為暑宿你的室友是我三個好朋友所以想詢問可不可以跟你換宿報酬:一杯飲料謝謝神奇的二手拍)
(已
徵到
",0,0.325387205,0,0,99,0,231,0,0,0,0,0,-1
U21,4,1653884184000-2022-05-30-12-16-24-9-Facebook.jpg,0,"x
",0,0.047609428,0,0,99,0,232,0,0,0,0,0,-1
U21,4,1653884184000-2022-05-30-12-16-24-9-Facebook.jpg,1,"盯
TocoChang
BE13:10
狐
狐吉與梓日常週六20:198
是
不
是
久卻
就是有那麼一個明明沒有認識很非常合得來的朋友呢???爸爸爸.…查更多
看
!?\\?
賀呀!!
",0,0.692390572,0,0,100,0,232,0,1,0,0,0,-1
U21,4,1653884185000-2022-05-30-12-16-25-9-Facebook.jpg,0,,0,0.045084175,0,0,100,0,233,0,0,0,0,0,-1
U21,4,1653884185000-2022-05-30-12-16-25-9-Facebook.jpg,1,"P13:10
TocoChang與狐梓日常麼
狐
吉
週六20:19是不是就是有非常合得來的朋
那
更多
賀呀!!
一個明明沒有認識卻很久友呢???爸爸吧...查看
!?\\?
盯
",0,0.694915825,0,0,101,0,233,0,1,0,0,0,-1
